/*
SQLyog Ultimate v8.32 
MySQL - 5.7.28 : Database - bbs
*********************************************************************
*/

/*!40101 SET NAMES utf8 */;

/*!40101 SET SQL_MODE=''*/;

/*!40014 SET @OLD_UNIQUE_CHECKS=@@UNIQUE_CHECKS, UNIQUE_CHECKS=0 */;
/*!40014 SET @OLD_FOREIGN_KEY_CHECKS=@@FOREIGN_KEY_CHECKS, FOREIGN_KEY_CHECKS=0 */;
/*!40101 SET @OLD_SQL_MODE=@@SQL_MODE, SQL_MODE='NO_AUTO_VALUE_ON_ZERO' */;
/*!40111 SET @OLD_SQL_NOTES=@@SQL_NOTES, SQL_NOTES=0 */;
CREATE DATABASE /*!32312 IF NOT EXISTS*/`bbs` /*!40100 DEFAULT CHARACTER SET utf8 */;

USE `bbs`;

/*Table structure for table `kind_info` */

DROP TABLE IF EXISTS `kind_info`;

CREATE TABLE `kind_info` (
  `kind` int(11) NOT NULL DEFAULT '0' COMMENT '版块种类',
  `content` varchar(3000) DEFAULT NULL COMMENT '版块信息内容',
  `time` timestamp NULL DEFAULT CURRENT_TIMESTAMP ON UPDATE CURRENT_TIMESTAMP COMMENT '最后修改时间',
  PRIMARY KEY (`kind`)
) ENGINE=InnoDB DEFAULT CHARSET=utf8;

/*Data for the table `kind_info` */

insert  into `kind_info`(`kind`,`content`,`time`) values (0,'<p>&nbsp;&nbsp;&nbsp;&nbsp;<b>☞ 欢迎各位来到数码科技版块！</b><br></p><p>&nbsp;&nbsp;&nbsp;&nbsp;☞ 2019年的春节已经过去~迎来的又是崭新一年。</p><p>&nbsp;&nbsp;&nbsp;&nbsp;☞ 如果你是我们BBS论坛的忠实粉丝，那么我们每天更新的【装机帮扶站】栏目不论是时效性还是文字介绍的详细程度都要比这一综合性的装机推荐贴优秀不少，当然咯，通过每月装机推荐贴的基本介绍，大家也可以更好滴了解当前硬件市场的基本动向及产品变革情况。</p><p>&nbsp;&nbsp;&nbsp;&nbsp;☞ 在过去的40多天时间里，英特尔、AMD、英伟达也都相继发布了自家新产品。I5-9400F作为第一颗率先上市的不带（屏蔽）核芯显卡的锁频版处理器，价格还算良心，性能小幅增强的同时报价也比i5-8400略低。英伟达最入门级支持RTX光线追踪技术的RTX2060显卡全面上市，实力表现可圈可点，市场关注度较高。AMD则是在2月7日晚正式发布了全球首款采用7nm制造工艺的Radeon VII游戏显卡，不论性能还是价格都直面RTX2080。除此之外各大主板厂商还会在本月上架英特尔B365芯片组主板，该芯片组降级使用更落后的22nm制造工艺，并且ME版本降级到11.0，目的就是为了支持Windows 7操作系统，基本特性方面，B365就是H270的马甲，和当前市售B360并没什么关系。</p><p>&nbsp;&nbsp;&nbsp;&nbsp;☞ 硬件整体价格方面，由于第一季度基本是装机淡季，硬件价格普遍比较平稳，DDR4内存依旧处于明显的下跌趋势，而当前GTX1060\\RX580等甜点级显卡因为厂商清货的原因，价格也还算好看。</p><p><br></p><p><span style=\"color: rgb(255, 0, 0);\">&nbsp;&nbsp;&nbsp;&nbsp;☞ 过去1月份硬件价格变动情况：</span></p><p><span style=\"color: rgb(255, 0, 0);\">&nbsp;&nbsp;&nbsp;&nbsp;★ CPU：处理器价格涨跌互现；</span></p><p><span style=\"color: rgb(255, 0, 0);\">&nbsp;&nbsp;&nbsp;&nbsp;★ 内存：价格显著下跌；</span></p><p><span style=\"color: rgb(255, 0, 0);\">&nbsp;&nbsp;&nbsp;&nbsp;★ 机械硬盘：价格基本保持平稳；</span></p><p><span style=\"color: rgb(255, 0, 0);\">&nbsp;&nbsp;&nbsp;&nbsp;★ 固态硬盘：价格小幅下跌；</span></p><p><span style=\"color: rgb(255, 0, 0);\">&nbsp;&nbsp;&nbsp;&nbsp;★ 显卡：高端N卡价格显著下跌；A卡价格整体保持平稳。</span></p>','2019-12-19 13:29:19'),(1,'<p></p><h5>&nbsp;&nbsp;&nbsp;&nbsp;<font size=\"6\"><font color=\"blue\"><strong>音乐分享版块欢迎您</strong></font></font></h5><blockquote><span style=\"font-size: 18px; color: rgb(198, 123, 165);\">悦你所乐，听你所想。</span></blockquote><span style=\"color: rgb(165, 74, 123);\"><span style=\"font-size: 18px;\">与君共饮音乐茶，赏丝竹管弦，听各国风尚，尝人生百态。</span><br style=\"box-sizing: content-box; font-size: 14px;\"><span style=\"font-size: 18px;\">网友们多年来对音乐的支持与追随，使得音乐分享版块有了今日的规模与发展。</span><br style=\"box-sizing: content-box; font-size: 14px;\"><span style=\"font-size: 18px;\">感谢君，望君在新的一年里继续用更多音乐说话，共建更美好的音乐分享版块。</span><br style=\"box-sizing: content-box; font-size: 14px;\"><span style=\"font-size: 18px;\">关于音乐分享版块的各项规定，都在这里集中的展示给大家，希望可以方便每一位</span><span style=\"font-size: 18px;\">会员查询。</span><br style=\"box-sizing: content-box; font-size: 14px;\"><span style=\"font-size: 18px;\">希望大家遵守各项规定，让音乐吧有一个良好的发帖环境，成为众多人喜爱</span><span style=\"font-size: 18px;\">的版块。</span></span><br style=\"box-sizing: content-box; color: rgb(51, 51, 51); font-size: 14px;\"><br><font size=\"2\"><strong>&nbsp; &nbsp; 1. 鼓励原创，鼓励精彩的回复<br>&nbsp; &nbsp; 2. 禁止发布广告帖以及讨论与音乐无关的话题<br>&nbsp; &nbsp; 3. 禁止在压缩包内夹带其他网址或类似的隐藏广告帖子<br>&nbsp; &nbsp; 4. 压缩包必须自己检查后亲自上传，禁止转载其他论坛压缩包<br>&nbsp; &nbsp; 5. 解压密码建议为：bbs.com.cn ，使用其他域名为解压密码的一律删除<br>&nbsp; &nbsp; 6. 请仔细阅读置顶版规，发帖请参照置顶发帖规则</strong></font><br><p></p>','2019-12-19 13:43:20'),(2,'<p></p><h5></h5><h2><span style=\"font-weight: bold; color: rgb(255, 0, 0);\">欢迎各位来到体育运动版块━(*｀∀´*)ノ!</span></h2><div><span style=\"color: rgb(66, 66, 66);\">1、版块主题：体育运动及周边。</span></div><div><span style=\"color: rgb(66, 66, 66);\">2、版块宗旨：中国体育运动以增强人民体质，力争在世界体坛赢得荣誉为宗旨。体育运动版块是为体育爱好者打造的交流平台。</span></div><div><span style=\"color: rgb(66, 66, 66);\">3、体育运动版块是自由的交流平台，管理员不会乱删任何人的任何帖子。如果帖子被删，请翻阅版块规则自查，如若仍有疑问，请私信管理员；询问贴在得到答复以后将予删除。</span></div><div><span style=\"color: rgb(66, 66, 66);\">4、体育运动版块会尽最大努力为网友创造一个温馨和谐的平台，各位管理员也须继续努力，通过不断的自我学习，让各位网友在本版块有所收获；我们虽然地域不同，素未相识，但体育运动版块让我们能够在一起交流心得，共同进步。体育运动版块也会在不断的革新，在各位管理员以及网友的共同建设下，成为我们体育爱好者共同的大家庭。</span></div><h5><br style=\"box-sizing: content-box; color: rgb(51, 51, 51);\"><div style=\"text-align: right;\"><span style=\"color: rgb(51, 51, 51); font-family: inherit; font-weight: bold;\">体育运动版块管理团队</span></div><span style=\"color: rgb(51, 51, 51);\"><div style=\"text-align: right;\"><span style=\"font-family: inherit; font-weight: bold;\">2019年 4 月 28日</span></div></span></h5><p></p>','2019-12-19 13:56:44'),(3,'<blockquote style=\"text-align: left;\"><span style=\"font-weight: 700; color: rgb(99, 99, 99);\">欢迎来到校园生活版块</span></blockquote><h3 style=\"text-align: left;\"><span style=\"font-weight: 700; color: rgb(231, 156, 156);\">欢迎在这里，记录你在学生时代的奇闻异事（“传奇”经历）（精彩故事）</span></h3><div style=\"text-align: left;\"><span style=\"font-weight: 700; color: rgb(148, 189, 123);\">加精规则：</span></div><div style=\"text-align: left;\"><span style=\"font-weight: 700; color: rgb(148, 189, 123);\">NO.1&nbsp; 标题明确、正文排版整洁语句通顺、图片清晰明了</span></div><div style=\"text-align: left;\"><span style=\"font-weight: 700; color: rgb(148, 189, 123);\">NO.2&nbsp; &nbsp;原创！原创！原创！重要的事情说三遍~</span></div><div style=\"text-align: left;\"><span style=\"font-weight: 700; color: rgb(148, 189, 123);\">NO.3&nbsp; &nbsp;帖子内容跟论坛版块相符！！！</span></div><div style=\"text-align: left;\"><span style=\"font-weight: 700; color: rgb(148, 189, 123);\">NO.4&nbsp; &nbsp;发表帖子的浏览数和回帖ID数越高，加精机会越大~!</span></div><div style=\"text-align: left;\"><span style=\"font-weight: 700; color: rgb(148, 189, 123);\">（目前加精规则如此！后续不定时更新~）</span></div><div style=\"text-align: left;\"><span style=\"font-weight: 700; color: rgb(0, 0, 255);\">注：帖子或人物实名需取得当事人同意！</span></div><div style=\"text-align: left;\"><span style=\"font-weight: 700; color: rgb(0, 0, 255);\">小编可能不是随时在线，觉得自己的文章就达到加精的小伙伴们，可以私信管理员</span></div><div style=\"text-align: left;\"><span style=\"font-weight: 700; color: rgb(0, 0, 255);\">私信格式：帖子名称+帖子链接+加精理由</span></div><div style=\"text-align: left;\"><span style=\"font-weight: 700; color: rgb(0, 0, 255);\">&nbsp;​加精贴享受三日置顶福利！</span></div><div style=\"text-align: left;\"><span style=\"font-weight: 700; color: rgb(255, 0, 0);\">此贴最终说明权归版主！</span></div>','2019-12-19 14:03:38'),(4,'<h2><b style=\"color: rgb(0, 0, 0);\">欢迎来到聊天交友版块</b></h2><p>本版块是大家闲话家常的地方。本版块不像其他版块那么束缚，你可以在这里求媳妇、求基友、求包养、求带走。</p><p>本版块给大家提供一个较为宽松的环境，但也要求大家能够自觉遵守版规，共同维护好我们的小家园。</p><p><span style=\"color: rgb(255, 0, 0);\">回帖须知：</span></p><p><span style=\"color: rgb(255, 0, 0);\">严格禁止无规律回复、纯表情回复及乱码火星文回复；</span></p><p><span style=\"color: rgb(255, 0, 0);\">严禁发布违反国家法律和其他国家法规的任何内容；</span></p><p><span style=\"color: rgb(255, 0, 0);\">严禁发布任何假新闻，谣言，社会高敏感话题地域黑内容；</span></p><p><span style=\"color: rgb(255, 0, 0);\">严禁发布一切有违社会道德规的视频、音频、链接及言论；</span></p><p><span style=\"color: rgb(255, 0, 0);\">严禁不顾他人感受的个人情感发泄、人身攻击、低级趣味或者令大家感到恐怖恶心的话题；</span></p><p><span style=\"color: rgb(255, 0, 0);\">严禁发布各类广告。</span></p><p><br></p><p>&nbsp; &nbsp; 管理组不可能时刻在线关注着本版块，部分违规内容可能不能及时发现，需要众友友一起监督。同时，管理组难免会出操作上的失误，如误删误封等，还望大家见谅并即时通知管理组处理。</p><p>&nbsp; &nbsp; 最后，祝每一位来到聊天交友版块的网友玩的愉快。</p><p>&nbsp; &nbsp; 论坛有你更精彩！&nbsp;&nbsp;</p><p><br></p>','2019-12-19 14:18:32'),(5,'<blockquote><span style=\"color: rgb(255, 0, 0); font-weight: bold;\">2019年12月新书推荐！！！</span></blockquote><TABLE class=\"table table-bordered\"><tbody><tr><td>序号<br></td><td>书名<br></td><td>作者<br></td><td>出版社<br></td></tr><tr><td>1<br></td><td>景恒街<br></td><td>笛安<br></td><td>北京十月文艺出版社<br></td></tr><tr><td>2</td><td>帕佩 撒旦 阿莱佩<br></td><td>[意]翁贝托·埃科<br></td><td>上海译文出版社<br></td></tr><tr><td>3</td><td>林语堂传：中国文化重生之道<br></td><td>钱锁桥<br></td><td>广西师范大学出版社<br></td></tr><tr><td>4</td><td>单筒望远镜<br></td><td>冯骥才<br></td><td>人民文学出版社<br></td></tr><tr><td>5</td><td>见字如来<br></td><td>张大春<br></td><td>天地出版社<br></td></tr><tr><td>6</td><td>四个春天<br></td><td>陆庆屹<br></td><td>南海出版公司<br></td></tr><tr><td>7</td><td>购物凶猛：20世纪中国消费史<br></td><td>孙骁骥<br></td><td>东方出版社<br></td></tr><tr><td>8</td><td>消失的古城<br></td><td>王笛<br></td><td>社会科学文献出版社<br></td></tr><tr><td>9</td><td>天气预报：一部科学探险史<br></td><td>[英]彼得·穆尔<br></td><td>广西师范大学出版社<br></td></tr><tr><td>10</td><td>夜短梦长：毛尖看电影<br></td><td>毛尖<br></td><td>北京大学出版社<br></td></tr></tbody></TABLE>','2019-12-19 22:01:01');

/*Table structure for table `notice` */

DROP TABLE IF EXISTS `notice`;

CREATE TABLE `notice` (
  `nid` int(11) NOT NULL AUTO_INCREMENT COMMENT '公告id',
  `notice_time` timestamp NOT NULL DEFAULT CURRENT_TIMESTAMP COMMENT '发布公告时间',
  `title` varchar(80) DEFAULT NULL COMMENT '公告标题',
  `content` varchar(3000) DEFAULT NULL COMMENT '公告内容',
  PRIMARY KEY (`nid`)
) ENGINE=InnoDB AUTO_INCREMENT=38 DEFAULT CHARSET=utf8;

/*Data for the table `notice` */

insert  into `notice`(`nid`,`notice_time`,`title`,`content`) values (27,'2019-12-19 12:42:51','本论坛内测开始，恭候光临（意见建议收集）！','        <b>(๑╹◡╹)ﾉ”欢迎各位光临本论坛！</b>\r\n        今日，本论坛内测开始，请在微信里扫描二维码或者搜索“BBS社区”关注服务号，登陆微信上的论坛，使用手机上论坛的同学，将获得更好的体验。如您在使用过程中有任何疑问，请在通过网页底部的“给我写信”提交建议意见，我们将进行收集解决。'),(28,'2019-12-19 12:50:55','关于用户等级与论坛管理员等虚拟称谓的声明','        各位网友：\r\n\r\n        本网站是省委宣传部主办的重点新闻网站，同时身兼党网与湖南新闻网的双重使命。对于新闻发布、采访调查行为有着十分严格的管理制度。 近年来，随着互动版块的发展，论坛、微社区及网友社群组织旗下的网友队伍越来越壮大，线上线下活动频繁，互动社区独特的网络文化也影响到了线下，为免造成不必要的误会，现谨就互动栏目社区等级、称谓等事项进行申明如下：\r\n\r\n        <b>1、论坛网友等级制度</b>，是根据论坛积分榜对应产生，由发帖数、魅力、威望等虚拟值合并计算后，分为平民、新兵、网民、网友、网司、网督、网监、网神、网圣等多个等级，此等级仅用于表示用户经验等级。\r\n\r\n        <b>2、用户自定义头衔</b>。互动社区是大家交流的平台，签名、头像和自定义头衔是表现个性的一种方式，自定义头衔由用户自行编辑，论坛互动社区对于相关自定义内容有严格规定，目前，仅对老用户开放此功能。相关头衔仅用于用户个性表达，并不代表本网站立场。\r\n\r\n        <b>3、版块、头衔</b>。在文化、情感、微社区等互动栏目内部，一些对版块内部对于核心网友授予类似版块评论员、通讯员、参议员等等虚拟称谓的情况，此类称呼仅限于内部使用，并不代表本网站立场。\r\n\r\n       <b> 4、版主、群主头衔</b>。版主、群主是网络的志愿者，义务为网友提供帮助服务，付出时间，投入精力，长期地服务于所在版面的讨论话题设置、活动组织，成为论坛的纽带与桥梁。版主、群主并非本网站员工。\r\n\r\n\r\n        以上类似情况，均属于互动社区的独特网络文化现象，并不代表本网站立场，并非工作人员身份，更无采编授权。\r\n\r\n        本网站奉行监督，身先表率。本网站从不允许任何记者、员工利用百姓的民生投诉换取利益；包括记者在内的任何工作人员，在没有得到管委会授权的情况下，都无权从事采编活动；正是这些格守，才使得我们能够在各级政府、各界百姓心目中拥有公信，并几度荣膺中国新闻奖，成为中国地方新闻网站第一品牌的根基所在。\r\n\r\n        在此诚请论坛各位版主、网友们一起为维护网络公共平台形象共同努力。\r\n\r\n        衷心感谢大家！\r\n\r\n<p style=\"text-align:rigth;\">BBS论坛</p>'),(30,'2019-12-19 12:56:00','关于论坛开通手机验证功能的公告','尊敬的网友：\r\n\r\n　　长期以来，网友投诉的主要问题集中在广告灌水、不文明言论等现象，给版主、管理员的版面管理工作造成许多困扰，而论坛信息后台每日也充斥着大量此类内容，给正常的论坛信息保障工作造成了极大困难。\r\n　　随着互联网技术的发展，邮箱验证已经不能防范批量注册的各种爬虫、灌水机、注册机等病毒式信息发布方式，无效信息也给论坛的正常运营造成了很大负担，虽经技术部门一再加强人工与技术防范措施，但仍然给有限的服务器资源造成了巨大的浪费。藉此情况，进一步的加强用户注册机制，引入新的用户验证机制，防范各类垃圾信息泛滥的工作迫在眉睫。\r\n\r\n　　依据《中华人民共和国网络安全法》相关规定，本网站此次投入一百万元技改资金，开发了手机验证功能。网友通过一次手机验证后即可正常使用，相关短信验证费用由本网站承担，并为您填写的相关验证资料设置了严格保密的技术防范措施，手机号码不会显示在用户资料之中，仅用于验证码的接收验证。\r\n\r\n　　在为期一周的公告期结束后，论坛将关闭非验证用户的发帖功能，未经手机验证将只能浏览（发帖需验证绑定一个手机），请各位网友及时验证。我们共同协力，营造一个文明、理性、清朗的网络空间。\r\n\r\n             感谢您一直以来对论坛的支持！\r\n\r\n\r\n<b>BBS论坛</b>\r\n\r\n\r\n\r\n用户手机验证地址：<a>点击验证</a>（未验证手机的用户发帖请验证手机，终身只需验证一次）\r\n论坛手机验证须知：<a>点击访问</a>\r\n（如您在认证过程中遇到任何疑问，请跟帖反馈，我们将及时联系处理）'),(31,'2019-12-19 12:57:33','论坛技术改造，若遇到登陆、传图等疑难问题，请点击网站下方“给我写信”反馈','        各位网友，论坛昨日做了技术改造，有些地方还待完善，因此给大家带来的不便，还请见谅。若有网友遇到不能登陆、无法传图等疑难问题，请跟帖说明，并尽量附上文字说明和截图。一旦我们收到大家的反馈，我们将组织技术力量，尽快找出问题根源，排除故障。感谢大家对论坛的支持！\r\n\r\n<b>BBS论坛</b>'),(34,'2019-12-19 13:06:52','论坛用户系统升级改造通知（今晚11点开始）','<p><font color=\"#333333\" face=\"Arial, Verdana, Helvetica, sans-serif\" size=\"3\"><span style=\"white-space: pre-wrap; background-color: rgb(245, 245, 245);\"><b>尊敬的各位网友：</b></span></font></p><p><font color=\"#333333\" face=\"Arial, Verdana, Helvetica, sans-serif\" size=\"3\"><span style=\"white-space: pre-wrap; background-color: rgb(245, 245, 245);\"><br></span></font></p><blockquote><font face=\"Arial, Verdana, Helvetica, sans-serif\" size=\"3\"><span style=\"color: rgb(51, 51, 51); white-space: pre-wrap; background-color: rgb(245, 245, 245);\">&nbsp; &nbsp; &nbsp; </span><span style=\"white-space: pre-wrap; background-color: rgb(255, 255, 255); color: rgb(115, 24, 66);\">论坛服务器拟定于今晚11点00分进行论坛用户系统升级改造，预计1小时左右。技术改造升级期间，可能会影响论坛访问与发帖。&nbsp; &nbsp; &nbsp;</span></font></blockquote><p><font face=\"Arial, Verdana, Helvetica, sans-serif\" size=\"3\"><span style=\"white-space: pre-wrap; background-color: rgb(255, 255, 255); color: rgb(115, 24, 66);\"><br></span></font></p><p><font face=\"Arial, Verdana, Helvetica, sans-serif\" size=\"3\"><span style=\"white-space: pre-wrap; background-color: rgb(255, 255, 255); color: rgb(115, 24, 66);\">&nbsp; &nbsp; &nbsp; 论坛用户系统改造升级后，将会保留论坛现在的用户登陆框，以后新用户注册全部走通行证，实现逐步打通BBS论坛全系列产品，实现第三方帐户的快速登陆等等功能，老用户登陆状态不会受到影响。（论坛版面会有相应的注册、登陆按钮，维持原有使用体验）。</span></font></p><p><font face=\"Arial, Verdana, Helvetica, sans-serif\" size=\"3\"><span style=\"white-space: pre-wrap; background-color: rgb(255, 255, 255); color: rgb(115, 24, 66);\"><br></span></font></p><p><font face=\"Arial, Verdana, Helvetica, sans-serif\" size=\"3\"><span style=\"white-space: pre-wrap; background-color: rgb(255, 255, 255); color: rgb(115, 24, 66);\">&nbsp; &nbsp; &nbsp; 改造工作造成的不便，敬请谅解！如有疑问，可点击网站下方“给我写信”反映或加论坛技术服务QQ群：123456789进行反馈。</span></font></p><p><font face=\"Arial, Verdana, Helvetica, sans-serif\" size=\"3\"><span style=\"white-space: pre-wrap; background-color: rgb(255, 255, 255); color: rgb(115, 24, 66);\"><br></span></font></p><p><font face=\"Arial, Verdana, Helvetica, sans-serif\" size=\"3\"><span style=\"white-space: pre-wrap; background-color: rgb(255, 255, 255); color: rgb(115, 24, 66);\">&nbsp; &nbsp; &nbsp; 衷心感谢您一直以来对论坛的关心与支持。</span></font></p><p><font color=\"#333333\" face=\"Arial, Verdana, Helvetica, sans-serif\" size=\"3\"><span style=\"white-space: pre-wrap; background-color: rgb(245, 245, 245);\"><br></span></font></p><p><font color=\"#333333\" face=\"Arial, Verdana, Helvetica, sans-serif\" size=\"3\"><span style=\"white-space: pre-wrap; background-color: rgb(245, 245, 245);\"><br></span></font></p><p style=\"text-align: right; \"><font color=\"#333333\" face=\"Arial, Verdana, Helvetica, sans-serif\" size=\"3\"><span style=\"white-space: pre-wrap; background-color: rgb(245, 245, 245);\">BBS论坛</span></font></p><p style=\"text-align: right; \"><font color=\"#333333\" face=\"Arial, Verdana, Helvetica, sans-serif\" size=\"3\"><span style=\"white-space: pre-wrap; background-color: rgb(245, 245, 245);\">2019年9月17日</span></font></p><p></p>'),(35,'2019-12-19 13:11:23','BBS论坛跟帖评论自律管理承诺书','<p><b>&nbsp;&nbsp;&nbsp;&nbsp;为深入贯彻十八届四中全会依法治国的精神，落实国家互联网信息办公室“依法管网、依法办网、依法上网”的要求，本网站为完善跟帖评论自律管理，现公开作出如下承诺：</b></p><p><b><br></b></p><p><b>&nbsp; &nbsp; 一、本网站所称跟帖评论服务，是指通过运营网络互动传播技术平台，供用户对本网站传播的各类信息发表评论意见（包括但不限于语音、文字、图片、音频、视频等信息）的服务。</b></p><p><b>&nbsp; &nbsp; 二、本网站致力使跟帖评论成为文明、理性、友善、高质量的意见交流。在推动跟帖评论业务发展的同时，不断加强相应的信息安全管理能力，完善跟帖评论自律，切实履行社会责任，遵守国家法律法规，尊重公民合法权益，尊重社会公序良俗。</b></p><p><b>&nbsp; &nbsp; 三、本网站坚持用户以真实身份信息注册账号、使用跟帖评论服务。</b></p><p><b>&nbsp; &nbsp; 四、本网站承诺、并诚请所有用户，使用跟帖评论服务将自觉遵守不得逾越法律法规、社会主义制度、国家利益、公民合法权益、社会公共秩序、道德风尚和信息真实性等“七条底线”。</b></p><p><b>&nbsp; &nbsp; 五、本网站承诺、并诚请所有用户不发表下列信息：</b></p><p><b>&nbsp; &nbsp; （一）反对宪法确定的基本原则的；</b></p><p><b>&nbsp; &nbsp; （二）危害国家安全，泄露国家秘密，颠覆国家政权，破坏国家统一的；</b></p><p><b>&nbsp; &nbsp; （三）损害国家荣誉和利益的；</b></p><p><b>&nbsp; &nbsp; （四）煽动民族仇恨、民族歧视，破坏民族团结的；</b></p><p><b>&nbsp; &nbsp; （五）煽动地域歧视、地域仇恨的；</b></p><p><b>&nbsp; &nbsp; （六）破坏国家宗教政策，宣扬邪教和迷信的；</b></p><p><b>&nbsp; &nbsp; （七）散布谣言，扰乱社会秩序、破坏社会稳定的；</b></p><p><b>&nbsp; &nbsp; （八）散布淫秽、色情、赌博、暴力、凶杀、恐怖或者教唆犯罪的；</b></p><p><b>&nbsp; &nbsp; （九）侮辱或者诽谤他人，侵害他人合法权益的；</b></p><p><b>&nbsp; &nbsp; （十）对他人进行暴力恐吓、威胁，实施人肉搜索的；</b></p><p><b>&nbsp; &nbsp; （十一）未获得未满18周岁未成年人法定监护人的书面同意，传播该未成年人的隐私信息的；</b></p><p><b>&nbsp; &nbsp; （十二）散布污言秽语，损害社会公序良俗的；</b></p><p><b>&nbsp; &nbsp; （十三）侵犯他人知识产权的；</b></p><p><b>&nbsp; &nbsp; （十四）散布商业广告，或类似的商业招揽信息；</b></p><p><b>&nbsp; &nbsp; （十五）使用本网站常用语言文字以外的其他语言文字评论的；</b></p><p><b>&nbsp; &nbsp; （十六）与所评论的信息毫无关系的；</b></p><p><b>&nbsp; &nbsp; （十七）所发表的信息毫无意义的，或刻意使用字符组合以逃避技术审核的；</b></p><p><b>&nbsp; &nbsp; （十八）法律、法规和规章禁止传播的其他信息。</b></p><p><b>&nbsp; &nbsp; 六、对违反上述承诺的用户，本网站将视情况采取预先警示、拒绝发布、删除跟帖、短期禁止发言直至永久关闭账号等管理措施。对涉嫌违法犯罪的跟帖评论将保存在案、并在接受有关政府部门调查时如实报告。</b></p><p><b>&nbsp; &nbsp; 七、本网站承诺，完善公众举报平台，欢迎用户监督举报各类不法传播活动和违法有害信息，以共同营造清朗的网络空间。</b></p><p style=\"text-align: right; \"><b>&nbsp;承诺人：BBS论坛</b></p>'),(37,'2019-12-19 13:16:35','信息投诉处理流程','<p><font color=\"#ff0000\" style=\"word-wrap: break-word; font-family: Tahoma, &quot;Microsoft Yahei&quot;, Simsun; font-size: large;\">&nbsp; &nbsp; 信息投诉处理流程：<br style=\"word-wrap: break-word;\"></font><br style=\"word-wrap: break-word; color: rgb(68, 68, 68); font-family: Tahoma, &quot;Microsoft Yahei&quot;, Simsun; font-size: large;\"><font color=\"#0000ff\" style=\"word-wrap: break-word; font-family: Tahoma, &quot;Microsoft Yahei&quot;, Simsun; font-size: large;\">&nbsp; &nbsp; 请下载填写</font><font color=\"#00ff\" style=\"word-wrap: break-word; font-family: Tahoma, &quot;Microsoft Yahei&quot;, Simsun; font-size: large;\"><a href=\"\" target=\"_blank\" style=\"word-wrap: break-word; color: rgb(51, 102, 153); text-decoration-line: underline;\">《论坛（社区）删贴申请表》</a></font><font color=\"#0000ff\" style=\"word-wrap: break-word; font-family: Tahoma, &quot;Microsoft Yahei&quot;, Simsun; font-size: large;\">,将帖子的标题、链接、您认为失实的地方及其相关的证据说明，加盖单位公章或提交个人身份证复印件，填写完成后将相关资料以公函的形式发送传真至总编室(0731)82965757或发送邮件至：</font><font color=\"#00ff\" style=\"word-wrap: break-word; font-family: Tahoma, &quot;Microsoft Yahei&quot;, Simsun; font-size: large;\"><a href=\"mailto:zbs@rednet.cn\" target=\"_blank\" style=\"word-wrap: break-word; color: rgb(51, 102, 153); text-decoration-line: underline;\">123456789@qq.com</a></font><font color=\"#0000ff\" style=\"word-wrap: break-word; font-family: Tahoma, &quot;Microsoft Yahei&quot;, Simsun; font-size: large;\">。 我们会根据有关法律政策，经过备案以后为您进行处理。处理进度请咨询总编室(0731)82965690 82965765 82965676。</font><br style=\"word-wrap: break-word; color: rgb(68, 68, 68); font-family: Tahoma, &quot;Microsoft Yahei&quot;, Simsun; font-size: large;\"><br style=\"word-wrap: break-word; color: rgb(68, 68, 68); font-family: Tahoma, &quot;Microsoft Yahei&quot;, Simsun; font-size: large;\"><font color=\"#0000ff\" style=\"word-wrap: break-word; font-family: Tahoma, &quot;Microsoft Yahei&quot;, Simsun; font-size: large;\">&nbsp; &nbsp; 声明:信息处理流程不收取任何费用，除此渠道外，其它信息处理方式均系仿冒欺诈，如在信息处理流程中存在收费等其它违法、违规或不正当行为，与论坛无关。若您发现并掌握确凿证据，请及时向我们举报。本栏目将根据您提供的信息进行相关调查及取证，并积极响应司法要求或法律程序。</font></p><p style=\"text-align: right; \"><font color=\"#0000ff\" style=\"word-wrap: break-word; font-family: Tahoma, &quot;Microsoft Yahei&quot;, Simsun; font-size: large;\">BBS论坛</font></p><p style=\"text-align: right; \"><font color=\"#0000ff\" style=\"word-wrap: break-word; font-family: Tahoma, &quot;Microsoft Yahei&quot;, Simsun; font-size: large;\">2019年12月3日</font></p>');

/*Table structure for table `post` */

DROP TABLE IF EXISTS `post`;

CREATE TABLE `post` (
  `pid` int(11) NOT NULL AUTO_INCREMENT COMMENT '帖子id',
  `uid` int(11) NOT NULL COMMENT '发帖人id',
  `post_time` timestamp NOT NULL DEFAULT CURRENT_TIMESTAMP COMMENT '发帖时间',
  `title` varchar(80) DEFAULT NULL COMMENT '帖子标题',
  `content` varchar(350) DEFAULT NULL COMMENT '发帖内容',
  `current_floor` int(11) DEFAULT '1' COMMENT '帖子楼层数',
  `likenum` int(11) DEFAULT '0' COMMENT '点赞数',
  `is_good` int(11) DEFAULT '0' COMMENT '是否精品',
  `is_top` int(11) DEFAULT '0' COMMENT '是否置顶',
  `kind` int(11) DEFAULT '0' COMMENT '帖子的种类',
  `last_active_time` timestamp NULL DEFAULT CURRENT_TIMESTAMP ON UPDATE CURRENT_TIMESTAMP COMMENT '帖子的最后活跃时间',
  `nick_name` varchar(40) DEFAULT NULL COMMENT '发帖人的昵称',
  PRIMARY KEY (`pid`),
  KEY `uid` (`uid`),
  CONSTRAINT `post_ibfk_1` FOREIGN KEY (`uid`) REFERENCES `user` (`uid`) ON DELETE CASCADE ON UPDATE CASCADE
) ENGINE=InnoDB AUTO_INCREMENT=333 DEFAULT CHARSET=utf8;

/*Data for the table `post` */

insert  into `post`(`pid`,`uid`,`post_time`,`title`,`content`,`current_floor`,`likenum`,`is_good`,`is_top`,`kind`,`last_active_time`,`nick_name`) values (148,2,'2019-12-18 14:07:37','楼主皮痒了~ 养老有什么难？','1.我们夫妻是多子女;\r\n\r\n　　2.按“我们那”养老原则是【给口饭吃，生病等死】\r\n\r\n\r\n　　你们村不这样么？\r\n\r\n　　顶锅盖逃',1,0,0,0,2,'2019-12-18 14:07:37','夏木南生'),(159,9,'2019-12-19 13:09:29','《消灭病毒》修改——利用anyproxy','消灭病毒利用openid修改方法虽然方便简单\r\n但是要抓包获取openid 和破解获取sign 比较麻烦\r\n我这个方法自己用 很方便\r\n这个方法同样适用于动物餐厅，之后会发教程',1,0,0,0,0,'2019-12-19 13:09:29','墨染祭年'),(160,4,'2019-12-19 13:29:46','超高清及5G发展趋势与发展机遇','5G概念\r\n\r\n　　12月2日，“携手新视界”超高清视频产业中日交流合作大会在成都举行。中日两国超高清的“明星企业”围绕5G时代超高清视频产业的发展及创新应用进行对话，探讨产业现状及发展前景。\r\n　　数码视讯（股票简称及代码：数码科技300079）作为国内超高清产业的代表企业，在会上与四川省超高清视频产业联盟、四川省超高清视频产业协会、SHARP、ASTRO等嘉宾代表畅谈了对于超高清视频产业的看法，结合视频技术与应用实践，充分交流了国际和国内超高清发展现状和未来前景。嘉宾们认为，超清视频产业是中日合作中非常有前景的领域，可以此大会为契机，共同促进产业升级以及市场拓展。',3,0,0,0,0,'2019-12-19 13:40:22','微凉徒眸意'),(161,1,'2019-12-19 14:37:48','666','6',1,0,0,0,5,'2019-12-19 14:37:48','管理员'),(163,4,'2019-12-19 14:58:19','有需要电子书的吗？免费帮找','有需要电子书的吗？免费帮找',7,0,0,0,5,'2019-12-19 15:00:20','微凉徒眸意'),(164,4,'2019-12-19 15:10:54','有谁想出 大江大海一九四九','有谁想出 大江大海一九四九',1,0,0,0,5,'2019-12-19 15:10:54','微凉徒眸意'),(165,4,'2019-12-19 15:12:25',' 定西孤儿院纪实有没有看过的 ','\r\n定西孤儿院纪实有没有看过的 ',1,0,0,0,5,'2019-12-19 15:12:25','微凉徒眸意'),(166,4,'2019-12-19 15:14:26',' 关于村上春树的《眠》的疑问。 ','村上春树这个作家在现在很有名气，但我以前倒是没什么兴趣，最近刚好在当当网遇到个优惠活动于是就随便买了他的《眠》一书。花了2个小时我读完了全书，但是只有一个感想，我看不懂。对我来说就是一个接近30的女人接连17天无法睡着而不断的思考着自己的家庭等等东西而已。其中书里出现的那个梦中的老人我不知道他的存在是为了表达什么，关于结局我也是一头雾水。请看过此书的人告诉我这本书到底想表达什么?谢谢。',7,0,0,0,5,'2019-12-19 15:23:15','微凉徒眸意'),(167,3,'2019-12-19 15:24:37',' 毛泽东选集第六卷至第七卷（静火版） ','毛泽东选集第六卷至第七卷（静火版） ',5,0,0,0,5,'2019-12-19 15:25:59','李什么四'),(168,8,'2019-12-19 15:27:14','求书，《朱元璋惩贪》，哪位吧友有呀','求书，《朱元璋惩贪》，哪位吧友有呀',2,0,0,0,5,'2019-12-19 15:27:30','南风如我意'),(169,8,'2019-12-19 15:28:22',' 刘慈欣所有作品整理单册+合集，azw3+epub+mobi+掌阅 ','作品包括：三体1：地球往事，三体2：黑暗森林，三体3：死神永生，三体全集，2018，超新星纪元，流浪地球，乡村教师，魔鬼积木·白垩纪往事，球状闪电，时间移民，最璀璨的银河，第三次拯救未来世界，2.5次世界大战，爱因斯坦赤道，虫子的世界，带上她的眼睛，孤独的进化者，鲸歌，全频带阻塞干扰，赡养人类，十亿分之一的文明，吞噬地球，未来边缘。\r\n刘慈欣少年科幻科学小说系列，刘慈欣三大长篇，刘慈欣短篇作品(共28篇)。\r\n盘/s/1oOYQ4XU7SDXaZHIrfYmFKQ',1,0,0,0,5,'2019-12-19 15:28:22','南风如我意'),(170,9,'2019-12-19 15:34:23','电子书合集 交流学习免费领取','酒神.mobi：https://www.90pan.com/b1541249\r\n昆仑.mobi：https://www.90pan.com/b1541250\r\n猎命师传奇.mobi：https://www.90pan.com/b1541251\r\n罗德斯岛系列.mobi：https://www.90pan.com/b1541252\r\n蛮荒记.mobi：https://www.90pan.com/b1541253\r\n茅山后裔.mobi：https://www.90pan.com/b1541254\r\n梦回大清.mobi：https://www.90pan.com/b1541256\r\n谜踪之国.mobi：https',1,0,0,0,5,'2019-12-19 15:34:23','墨染祭年'),(171,3,'2019-12-19 15:35:42','书名铁血旗','书再次修改，说七件我认为重要的事。\r\n杞铁朝铁血旗，皇帝名赵坠机，皇后名武当三国之刘备淼。\r\n名李树青，字小君，号金灵子.\r\n1.三千佳丽，千金一笑。\r\n2.丹田：刺秦，（刺秦我的意思是这样的，女人在床上有一欺，现实中也有一欺，清朝时女人有死刑，我把现实中的这一欺归纳到床上的一欺，这都是我心里在行事。男人讨厌此女时，男的运用心法，突然使自己进入发情的状态，把讨厌的情绪带入到柔情蜜意的情和欲中，从而达到宽恕的境界，这就是我对刺秦的理解，天下第一剑荆轲是燕国的剑客吧）。\r\n3.武当山遇真宫《玉真宫》铁杀八卦掌，乾武，（乾武是指武则天和李世民的爱情），以“伤”为中心，伤即是混，混即是伤，伤不亦混，混不亦伤。\r\n',1,0,0,0,5,'2019-12-19 15:35:42','李什么四'),(172,3,'2019-12-19 15:41:44',' 我又来找书了，谁有 建寺文化的迷失与觉醒这本书。有的给张照 金刚葫芦...','\r\n我又来找书了，谁有 建寺文化的迷失与觉醒这本书。有的给张照\r\n金刚葫芦...\r\n',1,0,0,0,5,'2019-12-19 15:41:44','李什么四'),(173,4,'2019-12-19 15:45:23',' 求助，找很久以前看过的一本书。 ','忘记叫什么了，好像是女生日记还是女生梦记，太久了。 好像是和故事会差不多的书，专门写奇奇怪怪的梦的。短篇合集那种。 有印象的有几篇，一个是木偶小山（大概），一个是蜥蜴人（大概）。还有一篇记得比较详细一点的是一个人可以吃掉别人的噩梦，然后有一天他感觉他必须要去西方（东方还是西方记不清楚了，反正就是他强烈感觉自己必须去一趟，有什么东西在召唤他之类的。）。 然后他就去了，去了以后就被人家给收了，原来他是一个法宝（是法宝还是灵兽记得不太清楚了），然后是认主去了还是渡劫结束了 。百度搜了大半天找不到。可能太久远了记忆有些差错。',1,0,0,0,5,'2019-12-19 15:45:23','微凉徒眸意'),(174,4,'2019-12-19 15:45:50','想把书中的故事和你分享。','想把书中的故事和你分享。',1,0,0,0,5,'2019-12-19 15:45:50','微凉徒眸意'),(175,4,'2019-12-19 15:46:14',' 这种瑕疵你们可以接受吗？ ','\r\n这种瑕疵你们可以接受吗？ ',1,0,0,0,5,'2019-12-19 15:46:14','微凉徒眸意'),(176,8,'2019-12-19 15:47:08',' 自己整理了金庸小说全集txt电子版，需要的举个爪！ ','自己整理了金庸小说全集txt电子版，需要的举个爪！ ',2,0,0,0,5,'2019-12-19 15:47:37','南风如我意'),(177,8,'2019-12-19 15:48:12','推荐几部书看看吧看完能够缓解焦虑和抑郁的书有没有，我','推荐几部书看看吧\r\n看完能够缓解焦虑和抑郁的书有没有，我需要那种特别温柔的书来缓解我内心的不安，拒绝玛丽苏类型的',1,0,0,0,5,'2019-12-19 15:48:12','南风如我意'),(178,3,'2019-12-19 15:49:05','同一些书友一起建立了一个读书群，喜欢读书买书囤书的小','同一些书友一起建立了一个读书群，喜欢读书买书囤书的小伙伴可以进来看看。',1,0,0,0,5,'2019-12-19 15:49:05','李什么四'),(179,3,'2019-12-19 15:49:53','几幅书作','几幅书作',1,0,0,0,5,'2019-12-19 15:49:53','李什么四'),(180,3,'2019-12-19 15:50:32',' 聊天鸭 ','\r\n聊天鸭 ',1,0,0,0,4,'2019-12-19 15:50:32','李什么四'),(181,3,'2019-12-19 15:50:50',' 我又觉得我行了 ','\r\n我又觉得我行了 ',1,0,0,0,4,'2019-12-19 15:50:50','李什么四'),(182,3,'2019-12-19 15:51:03',' 聊天 秒回+ ','\r\n聊天 秒回+ ',2,0,0,0,4,'2019-12-19 15:51:23','李什么四'),(183,8,'2019-12-19 15:52:42','我又来发水贴了','我又来发水贴了',1,0,0,0,4,'2019-12-19 15:52:42','南风如我意'),(184,8,'2019-12-19 15:53:06','看看你们的微信头像','看看你们的微信头像',1,0,0,0,4,'2019-12-19 15:53:06','南风如我意'),(185,8,'2019-12-19 15:53:41',' 来一个老板，什么都有（私信我前，先关注我，不然我看不到消息','\r\n来一个老板，什么都有（私信我前，先关注我，不然我看不到消息',1,0,0,0,4,'2019-12-19 15:53:41','南风如我意'),(186,8,'2019-12-19 15:53:56',' 冲冲冲冲冲 ','\r\n冲冲冲冲冲 ',1,0,0,0,4,'2019-12-19 15:53:56','南风如我意'),(187,4,'2019-12-19 15:54:25',' 扩列，连麦聊天加我（一般六七点以后有时间，十二点睡） ','\r\n扩列，连麦聊天加我（一般六七点以后有时间，十二点睡） ',1,0,0,0,4,'2019-12-19 15:54:25','微凉徒眸意'),(188,4,'2019-12-19 15:54:37',' 早上好！ ','\r\n早上好！ ',1,0,0,0,4,'2019-12-19 15:54:37','微凉徒眸意'),(189,4,'2019-12-19 15:54:49',' 1 有妹子吗，蹲一个话唠 ',' 1\r\n有妹子吗，蹲一个话唠 ',1,0,0,0,4,'2019-12-19 15:54:49','微凉徒眸意'),(190,9,'2019-12-19 15:55:20','有时候就是个执念呀@懒得迎合','有时候就是个执念呀@懒得迎合',1,0,0,0,4,'2019-12-19 15:55:20','墨染祭年'),(191,9,'2019-12-19 15:55:36',' 大家都在聊什么呢 ','\r\n大家都在聊什么呢 ',1,0,0,0,4,'2019-12-19 15:55:36','墨染祭年'),(192,9,'2019-12-19 15:55:52',' 在？一起聊星星聊月亮聊人生理想吧！ ','\r\n在？一起聊星星聊月亮聊人生理想吧！ ',1,0,0,0,4,'2019-12-19 15:55:52','墨染祭年'),(193,8,'2019-12-19 15:56:18',' 有没有办公室白领呐 聊聊天 ','\r\n有没有办公室白领呐 聊聊天 ',1,0,0,0,4,'2019-12-19 15:56:18','南风如我意'),(194,8,'2019-12-19 15:56:39',' 有点无聊 ','\r\n有点无聊 ',1,0,0,0,4,'2019-12-19 15:56:39','南风如我意'),(195,8,'2019-12-19 15:56:55',' 下午好 ','\r\n下午好 ',1,0,0,0,4,'2019-12-19 15:56:55','南风如我意'),(196,3,'2019-12-19 15:57:22','正常聊天的有吗','正常聊天的有吗',10,0,0,0,4,'2019-12-19 15:59:20','李什么四'),(197,4,'2019-12-19 16:01:22',' 本人 是黑龙江农业经济职业学院的吧员咨询问题 ','\r\n本人 是黑龙江农业经济职业学院的吧员咨询问题 ',1,0,0,0,3,'2019-12-19 16:01:22','微凉徒眸意'),(198,4,'2019-12-19 16:01:35',' 英国留学G5大学必选 ','\r\n英国留学G5大学必选 ',1,0,0,0,3,'2019-12-19 16:01:35','微凉徒眸意'),(199,4,'2019-12-19 16:01:47',' 没事赚个零花钱 私我 ','\r\n没事赚个零花钱 私我 ',1,0,0,0,3,'2019-12-19 16:01:47','微凉徒眸意'),(200,4,'2019-12-19 16:02:04',' 天猫延迟发货，赔付百分之30，一单500，很香，想学找我qq ','\r\n天猫延迟发货，赔付百分之30，一单500，很香，想学找我qq ',1,0,0,0,3,'2019-12-19 16:02:04','微凉徒眸意'),(201,3,'2019-12-19 16:02:32',' 招募找工作的仙女门，可线上线下，有专业公司运营团队 ','\r\n招募找工作的仙女门，可线上线下，有专业公司运营团队 ',1,0,0,0,3,'2019-12-19 16:02:32','李什么四'),(202,3,'2019-12-19 16:02:49',' 还在羡慕别人成双成对的走在校园中吗，想不想元旦有人陪着一起过','\r\n还在羡慕别人成双成对的走在校园中吗，想不想元旦有人陪着一起过\r\n',1,0,0,0,3,'2019-12-19 16:02:49','李什么四'),(203,3,'2019-12-19 16:03:01',' 你们有没有好用的蓝牙耳机推荐呀。小盆友们，预算不高 ','\r\n你们有没有好用的蓝牙耳机推荐呀。小盆友们，预算不高 ',1,0,0,0,3,'2019-12-19 16:03:01','李什么四'),(204,3,'2019-12-19 16:03:24',' 请问大佬，有没有合适的蓝牙耳机推荐啊？价格不要太贵的 ','\r\n请问大佬，有没有合适的蓝牙耳机推荐啊？价格不要太贵的 ',1,0,0,0,3,'2019-12-19 16:03:24','李什么四'),(205,8,'2019-12-19 16:04:08','最新招募消息等你查收','最新招募消息等你查收',1,0,0,0,3,'2019-12-19 16:04:08','南风如我意'),(206,8,'2019-12-19 16:04:20',' 不同时期的我的生活经历　　1991年农历二月初三，江苏省盐城 ','\r\n不同时期的我的生活经历　　1991年农历二月初三，江苏省盐城 ',1,0,0,0,3,'2019-12-19 16:04:20','南风如我意'),(207,8,'2019-12-19 16:04:34',' 有小伙伴有兴趣做一个app的推广吗？很简单不需要成本，推广的 ','\r\n有小伙伴有兴趣做一个app的推广吗？很简单不需要成本，推广的 ',1,0,0,0,3,'2019-12-19 16:04:34','南风如我意'),(208,4,'2019-12-19 16:05:02',' 请问我们学校的校园贴吧，我在上个周三就已经发送邮箱发送的申请 ','\r\n请问我们学校的校园贴吧，我在上个周三就已经发送邮箱发送的申请 ',1,0,0,0,3,'2019-12-19 16:05:02','微凉徒眸意'),(209,4,'2019-12-19 16:05:24',' 大学生都喜欢的 ','\r\n大学生都喜欢的 ',1,0,0,0,3,'2019-12-19 16:05:24','微凉徒眸意'),(210,10,'2019-12-19 16:05:31','go [专辑] 《四个男人 四把吉他》纵贯线','\r\n专辑名称：四个男人 四把吉他\r\n歌手：纵贯线\r\n资源格式:   FLAC\r\n\r\n\r\n\r\n花样美男组合横行的时代，\r\n他们是唯一的、仅有的、让人倍感力量的铁男组合，\r\n四大巨星天价集结，成立之始即跃居华语一线天团。\r\n经典精选，这里收录四大巨星的经典金曲大合集！',3,0,0,0,1,'2019-12-19 16:14:46','Mark'),(211,4,'2019-12-19 16:05:40',' 有人有兴趣做一个app的推广吗？很简单不需要成本，推广的范围 April松妮','\r\n有人有兴趣做一个app的推广吗？很简单不需要成本，推广的范围\r\nApril松妮\r\n',1,0,0,0,3,'2019-12-19 16:05:40','微凉徒眸意'),(212,9,'2019-12-19 16:05:59','找工作的小仙女可加我','找工作的小仙女可加我',1,0,0,0,3,'2019-12-19 16:05:59','墨染祭年'),(214,9,'2019-12-19 16:06:35',' 心比长相好，懂比爱重要 ','\r\n心比长相好，懂比爱重要 ',1,0,0,0,3,'2019-12-19 16:06:35','墨染祭年'),(215,4,'2019-12-19 16:07:20',' 确认过眼神，我遇到学ps的你。刚接触PS不知道咋下手的朋友， ','\r\n确认过眼神，我遇到学ps的你。刚接触PS不知道咋下手的朋友， ',1,0,0,0,3,'2019-12-19 16:07:20','微凉徒眸意'),(216,4,'2019-12-19 16:08:42',' 贴吧申请那么麻烦了?还要发邮件发了两个月没人回，贴吧校园的负 ','\r\n贴吧申请那么麻烦了?还要发邮件发了两个月没人回，贴吧校园的负 ',1,0,0,0,4,'2019-12-19 16:08:42','微凉徒眸意'),(217,4,'2019-12-19 16:09:37',' 大学生校内外卖配送平台哪个好？ ','\r\n大学生校内外卖配送平台哪个好？ ',1,0,0,0,4,'2019-12-19 16:09:37','微凉徒眸意'),(218,4,'2019-12-19 16:09:53',' 大家帮我想想办法 ','\r\n大家帮我想想办法 ',1,0,0,0,4,'2019-12-19 16:09:53','微凉徒眸意'),(219,3,'2019-12-19 16:10:09',' 聊天的有吗？ ','\r\n聊天的有吗？ ',1,0,0,0,3,'2019-12-19 16:10:09','李什么四'),(220,3,'2019-12-19 16:11:18',' 美丽的学院-河南艺术职业学院 ','\r\n美丽的学院-河南艺术职业学院 ',1,0,0,0,3,'2019-12-19 16:11:18','李什么四'),(221,3,'2019-12-19 16:11:34',' 速度上人待遇福利高私聊我了解待遇 公司扶持不骗人 ','\r\n速度上人待遇福利高私聊我了解待遇 公司扶持不骗人 ',1,0,0,0,3,'2019-12-19 16:11:34','李什么四'),(223,4,'2019-12-19 16:12:01',' 拼duoduo拉新用户，扫码领取 ','\r\n拼duoduo拉新用户，扫码领取 ',1,0,0,0,4,'2019-12-19 16:12:01','微凉徒眸意'),(225,8,'2019-12-19 16:12:16',' 抖音快手火山点赞任务，生活费不够，想用闲暇时间賺点零砽錢的进 ','\r\n抖音快手火山点赞任务，生活费不够，想用闲暇时间賺点零砽錢的进 ',1,0,0,0,3,'2019-12-19 16:12:16','南风如我意'),(226,3,'2019-12-19 16:12:29',' 送女生什么好的？看这里~~ ','\r\n送女生什么好的？看这里~~ ',1,0,0,0,3,'2019-12-19 16:12:29','李什么四'),(228,3,'2019-12-19 16:12:45','专升本','专升本',1,0,0,0,3,'2019-12-19 16:12:45','李什么四'),(229,4,'2019-12-19 16:12:54',' 群星《2019最新好听网络伤感流行歌曲推荐(207)》【WAV分轨/MP3/百度】 ','专辑曲目\r\n　\r\n01.爱情是把枪 黄静美\r\n02.大雪还在下 苏谭谭\r\n03.我又梦见你 小琢\r\n04.亲爱的你过得还好吗 正云\r\n05.放纵 郑茜匀\r\n06.五十二度的眼泪 熊七梅\r\n07.昨夜西风凋碧树 熊七梅\r\n08.谢谢你爱我 马健涛&李冰\r\n09.爱是我加一个你 贾庆&蒋婴\r\n10.我以为你会一直等着我 赵鑫\r\n11.天也不怕地也不怕 郭笙\r\n12.我要大声唱响 郭一橙\r\n13.我和你荡秋千 刘奕辰',1,0,0,0,1,'2019-12-19 16:12:54','微凉徒眸意'),(230,3,'2019-12-19 16:12:55',' 坚定着希望勇往直前，梦在未来绽放 ','\r\n坚定着希望勇往直前，梦在未来绽放 ',1,0,0,0,3,'2019-12-19 16:12:55','李什么四'),(231,8,'2019-12-19 16:13:10',' 真无聊 ',' 真无聊 ',1,0,0,0,3,'2019-12-19 16:13:10','南风如我意'),(232,3,'2019-12-19 16:13:27',' 选画室为什么这么重要？来自一名杭州艺考毕业生的经验贴 ','\r\n选画室为什么这么重要？来自一名杭州艺考毕业生的经验贴 ',1,0,0,0,3,'2019-12-19 16:13:27','李什么四'),(233,4,'2019-12-19 16:14:01',' 想玩抖音的想知道抖音怎么运营的，抖音怎么种草测评卖东西？加我 ','\r\n想玩抖音的想知道抖音怎么运营的，抖音怎么种草测评卖东西？加我 ',1,0,0,0,4,'2019-12-19 16:14:01','微凉徒眸意'),(234,4,'2019-12-19 16:14:14',' 上次放假被家人拉去一起看少年的你看完后，家人无意问了一句，你 ','\r\n上次放假被家人拉去一起看少年的你看完后，家人无意问了一句，你 ',1,0,0,0,4,'2019-12-19 16:14:14','微凉徒眸意'),(235,4,'2019-12-19 16:14:27',' 潇洒上学 活成别人羡慕得样子 ','\r\n潇洒上学 活成别人羡慕得样子 ',1,0,0,0,4,'2019-12-19 16:14:27','微凉徒眸意'),(236,4,'2019-12-19 16:14:45',' 运动鞋工厂尾货，性价比高。不贵可退可换。包邮。真的不贵哟，买 ','\r\n运动鞋工厂尾货，性价比高。不贵可退可换。包邮。真的不贵哟，买 ',8,0,0,0,4,'2019-12-19 17:02:33','微凉徒眸意'),(238,8,'2019-12-19 16:17:24',' 北京双眼皮手术，高亚东是不是很火？ ','\r\n北京双眼皮手术，高亚东是不是很火？ ',1,0,0,0,3,'2019-12-19 16:17:24','南风如我意'),(239,8,'2019-12-19 16:18:12',' 赚钱群 ','\r\n赚钱群 ',1,0,0,0,3,'2019-12-19 16:18:12','南风如我意'),(240,10,'2019-12-19 16:18:35','听歌的时候没哭，看完本文却瞬间泪奔...','达芬奇第三方阿第大幅度发斯蒂芬是滴滴滴多多多多多多多多多多多多',1,0,0,0,0,'2019-12-19 16:18:35','Mark'),(241,8,'2019-12-19 16:18:40','找工作的小仙女可以加我','找工作的小仙女可以加我',7,0,0,0,3,'2019-12-19 16:50:30','南风如我意'),(242,8,'2019-12-19 16:19:07',' 《西游记》（校注本） - 吴承恩电子书epub、azw3、mobi、pdf下载 ','\r\n《西游记》（校注本） - 吴承恩电子书epub、azw3、mobi、pdf下载 ',1,0,0,0,0,'2019-12-19 16:19:07','南风如我意'),(244,10,'2019-12-19 16:19:49','《初学者》薛之谦','粉丝垫付代发打发奋斗的说法大锅饭阿发',1,0,0,0,1,'2019-12-19 16:19:49','Mark'),(245,8,'2019-12-19 16:20:03',' 李铁有他的局限性，战术和指挥均无特别之处 ','\r\n李铁有他的局限性，战术和指挥均无特别之处 ',1,0,0,0,2,'2019-12-19 16:20:03','南风如我意'),(246,8,'2019-12-19 16:20:15',' 丁俊晖英锦赛决赛表现超棒，终于可以去看爱冒险的梦了','\r\n丁俊晖英锦赛决赛表现超棒，终于可以去看爱冒险的梦了',1,0,0,0,2,'2019-12-19 16:20:15','南风如我意'),(247,8,'2019-12-19 16:20:27',' 愿意踢西乙！武磊首次回应“降级”，徐根宝说：武磊水平应踢西乙 ','\r\n愿意踢西乙！武磊首次回应“降级”，徐根宝说：武磊水平应踢西乙 ',1,0,0,0,2,'2019-12-19 16:20:27','南风如我意'),(248,3,'2019-12-19 16:20:45',' 中国男足vs香港男足：自家人的“底线之战” ','\r\n中国男足vs香港男足：自家人的“底线之战” ',1,0,0,0,2,'2019-12-19 16:20:45','李什么四'),(249,9,'2019-12-19 16:21:05',' 50米你们多少秒？ ','\r\n50米你们多少秒？ ',1,0,0,0,2,'2019-12-19 16:21:05','墨染祭年'),(250,8,'2019-12-19 16:21:26',' 今天继续 每天几场推荐 ','\r\n今天继续 每天几场推荐 ',1,0,0,0,2,'2019-12-19 16:21:26','南风如我意'),(251,2,'2019-12-19 16:21:57','《说散就散》翻唱：袁娅维。','发的发斯蒂芬是的范德萨',1,0,0,0,1,'2019-12-19 16:21:57','夏木南生'),(252,4,'2019-12-19 16:22:09',' 欧联杯曼联战胜阿尔克马尔,锁定小组第一名 ','\r\n欧联杯曼联战胜阿尔克马尔,锁定小组第一名 ',1,0,0,0,2,'2019-12-19 16:22:09','微凉徒眸意'),(253,4,'2019-12-19 16:22:32','每天信心tuijian，大家一起来红吧','每天信心tuijian，大家一起来红吧',1,0,0,0,2,'2019-12-19 16:22:32','微凉徒眸意'),(254,4,'2019-12-19 16:22:47',' 最好用得【手机】【克戸褍】：吧友们用了都说好 ','\r\n最好用得【手机】【克戸褍】：吧友们用了都说好 ',1,0,0,0,2,'2019-12-19 16:22:47','微凉徒眸意'),(255,4,'2019-12-19 16:23:03',' 皇马战平瓦伦西亚,与巴萨并列西甲第一 ','\r\n皇马战平瓦伦西亚,与巴萨并列西甲第一 ',1,0,0,0,2,'2019-12-19 16:23:03','微凉徒眸意'),(256,9,'2019-12-19 16:23:14',' 欧联杯淘汰赛对阵：武磊战狼队 ','\r\n欧联杯淘汰赛对阵：武磊战狼队 ',1,0,0,0,2,'2019-12-19 16:23:14','墨染祭年'),(257,9,'2019-12-19 16:23:27',' 皇马战平瓦伦西亚,与巴萨并列西甲第一 ','\r\n皇马战平瓦伦西亚,与巴萨并列西甲第一 ',1,0,0,0,2,'2019-12-19 16:23:27','墨染祭年'),(258,9,'2019-12-19 16:23:42',' 桑乔传射+伤退维尔纳双响，双方保持不败 ','\r\n桑乔传射+伤退维尔纳双响，双方保持不败 ',1,0,0,0,2,'2019-12-19 16:23:42','墨染祭年'),(259,9,'2019-12-19 16:23:56',' 昨晚西汉姆联太垃圾了，被逆袭3个九分钟内 ','\r\n昨晚西汉姆联太垃圾了，被逆袭3个九分钟内 ',1,0,0,0,2,'2019-12-19 16:23:56','墨染祭年'),(260,8,'2019-12-19 16:24:06',' 国足VS太极虎','\r\n国足VS太极虎',1,0,0,0,2,'2019-12-19 16:24:06','南风如我意'),(261,8,'2019-12-19 16:24:20',' 本人喜欢打篮球，踢足球，羽毛球，网球，是一个不折不扣的体育爱 ','\r\n本人喜欢打篮球，踢足球，羽毛球，网球，是一个不折不扣的体育爱 ',1,0,0,0,2,'2019-12-19 16:24:20','南风如我意'),(262,8,'2019-12-19 16:24:29',' 鸡肋杯虚名大于实，四线作战利物浦如何取舍？ ','\r\n鸡肋杯虚名大于实，四线作战利物浦如何取舍？ ',1,0,0,0,2,'2019-12-19 16:24:29','南风如我意'),(263,8,'2019-12-19 16:24:39',' 年末公司展示设备出售价格成本价 ','\r\n年末公司展示设备出售价格成本价 ',1,0,0,0,2,'2019-12-19 16:24:39','南风如我意'),(264,8,'2019-12-19 16:25:23',' 金敬道确认赛季结束：我的一年，伤病开始伤病结束 ','\r\n金敬道确认赛季结束：我的一年，伤病开始伤病结束 ',1,0,0,0,2,'2019-12-19 16:25:23','南风如我意'),(265,8,'2019-12-19 16:25:36',' 山东鲁能外援回应转会传闻！拒绝世界名帅邀请，确认留队','\r\n山东鲁能外援回应转会传闻！拒绝世界名帅邀请，确认留队',1,0,0,0,2,'2019-12-19 16:25:36','南风如我意'),(266,8,'2019-12-19 16:25:48',' 看到患病儿童后潸然泪下，梅西投资三千万建医院 ','\r\n看到患病儿童后潸然泪下，梅西投资三千万建医院 ',1,0,0,0,2,'2019-12-19 16:25:48','南风如我意'),(267,8,'2019-12-19 16:25:58',' 哥哥姐姐一起来玩球球吧 ','\r\n哥哥姐姐一起来玩球球吧 ',1,0,0,0,2,'2019-12-19 16:25:58','南风如我意'),(268,8,'2019-12-19 16:26:13',' 德乙01:30奥厄阵容雷根斯堡奥厄 0德乙01: ','\r\n德乙01:30奥厄阵容雷根斯堡奥厄 0德乙01: ',1,0,0,0,2,'2019-12-19 16:26:13','南风如我意'),(269,4,'2019-12-19 16:26:28',' Naive名模系列《维瓦尔第 - 小提琴协奏曲“城堡”》[24Bit/88kHz]','专辑英文名：Vivaldi: Concerti per violino, Vol. 7 “Per il castello”\r\n专辑中文名：维瓦尔第 - 小提琴协奏曲“城堡”\r\n唱片公司：Naive\r\n发行时间：2019年11月15日\r\n小 提 琴：Alessandro Tampieri(亚历山德罗.坦皮耶里)\r\n大 键 琴 ：Ottavio Dantone (奥塔维奥. 丹托纳)\r\n乐      团：Accademia Bizantina(占庭学院古乐团)\r\n语      言：无\r\n类      型：协奏曲\r\n资源格式：24Bit / 88kHz\r\n',1,0,0,0,1,'2019-12-19 16:26:28','微凉徒眸意'),(270,3,'2019-12-19 16:27:25',' 机自动阅读 可兼职可全职 小本创业的好项目 欢迎实地考察 ','\r\n机自动阅读 可兼职可全职 小本创业的好项目 欢迎实地考察 ',1,0,0,0,5,'2019-12-19 16:27:25','李什么四'),(271,3,'2019-12-19 16:27:37',' 传承网络小说经典，我们是专业的，小说分销诚找一级代理，欢迎各 ','\r\n传承网络小说经典，我们是专业的，小说分销诚找一级代理，欢迎各 ',1,0,0,0,5,'2019-12-19 16:27:37','李什么四'),(272,3,'2019-12-19 16:27:48',' 自动挂机龙井转阅读 日60+ ','\r\n自动挂机龙井转阅读 日60+ ',1,0,0,0,5,'2019-12-19 16:27:48','李什么四'),(273,3,'2019-12-19 16:27:59',' 百度AI人脸识别，人脸对比/人脸搜索/活体检测，全线免费试用','\r\n百度AI人脸识别，人脸对比/人脸搜索/活体检测，全线免费试用',1,0,0,0,5,'2019-12-19 16:27:59','李什么四'),(274,9,'2019-12-19 16:28:13',' 这里都是精选的好书啊~ ','\r\n这里都是精选的好书啊~ ',1,0,0,0,5,'2019-12-19 16:28:13','墨染祭年'),(275,4,'2019-12-19 16:30:38',' 求鲁敏《正午的美德》一书中“正午的美德”这篇文章，谢谢大佬们 ','\r\n求鲁敏《正午的美德》一书中“正午的美德”这篇文章，谢谢大佬们 ',1,0,0,0,5,'2019-12-19 16:30:38','微凉徒眸意'),(276,4,'2019-12-19 16:30:50',' 好像起了作用，她开始想要忘记他，开始的几天，后来越来越容易。 ','\r\n好像起了作用，她开始想要忘记他，开始的几天，后来越来越容易。 ',1,0,0,0,5,'2019-12-19 16:30:50','微凉徒眸意'),(277,4,'2019-12-19 16:31:03',' 记录我喜欢的小诗 ','\r\n记录我喜欢的小诗 ',1,0,0,0,5,'2019-12-19 16:31:03','微凉徒眸意'),(278,2,'2019-12-19 16:31:20','【APE+FLAC】《张惠妹专辑》17套专辑（整轨）','专辑名称：《张惠妹专辑》\r\n专辑歌手：张惠妹\r\n发行时间：1996年-2011年\r\n资源格式：APE+CUE，FLAC+CUE\r\n',1,0,0,0,1,'2019-12-19 16:31:20','夏木南生'),(279,8,'2019-12-19 16:32:27','准备入手三本书：《佛罗伦萨的神女》、《战时灯火》、《英国病人','准备入手三本书：《佛罗伦萨的神女》、《战时灯火》、《英国病人',1,0,0,0,5,'2019-12-19 16:32:27','南风如我意'),(280,8,'2019-12-19 16:32:39',' 大家有没有推荐的纸质版小说啊，比如韩寒的三重门 长安乱之类的 ','\r\n大家有没有推荐的纸质版小说啊，比如韩寒的三重门 长安乱之类的 ',1,0,0,0,5,'2019-12-19 16:32:39','南风如我意'),(281,8,'2019-12-19 16:32:51',' 最近整理了一些不错的电子书资源，分享给大家~ ','\r\n最近整理了一些不错的电子书资源，分享给大家~ ',5,0,0,0,5,'2019-12-19 17:00:42','南风如我意'),(282,9,'2019-12-19 16:33:10',' 本人有个看书阅读扣群 想加的私信楼主扣扣 ','\r\n本人有个看书阅读扣群 想加的私信楼主扣扣 ',8,0,0,0,5,'2019-12-19 16:54:47','墨染祭年'),(283,9,'2019-12-19 16:34:48',' 水母无人机、科技飞球、航拍、无人机表演、吊物无人机 ','\r\n水母无人机、科技飞球、航拍、无人机表演、吊物无人机 ',1,0,0,0,0,'2019-12-19 16:34:48','墨染祭年'),(284,8,'2019-12-19 16:35:10',' 今天在房间里 空气突然发生爆炸 就像电线短路 打火机爆炸那种 ','\r\n今天在房间里 空气突然发生爆炸 就像电线短路 打火机爆炸那种 ',1,0,0,0,0,'2019-12-19 16:35:10','南风如我意'),(285,8,'2019-12-19 16:35:22',' 有木有需要申请专利的朋友！欢迎咨询！ ','\r\n有木有需要申请专利的朋友！欢迎咨询！ ',1,0,0,0,0,'2019-12-19 16:35:22','南风如我意'),(286,3,'2019-12-19 16:35:40',' 华微电子都取得了什么成就啊？ ','\r\n华微电子都取得了什么成就啊？ ',1,0,0,0,0,'2019-12-19 16:35:40','李什么四'),(287,3,'2019-12-19 16:35:50',' 中考快递上都有5g时代，5g时代真的来了 ','\r\n中考快递上都有5g时代，5g时代真的来了 ',1,0,0,0,0,'2019-12-19 16:35:50','李什么四'),(288,9,'2019-12-19 16:36:02','《耳朵》李荣浩','我希望有个如你一般的人。\r\n如山间清爽的风。\r\n如古城温暖的光。\r\n从清晨到夜晚。\r\n只要最后是你。\r\n就好。',1,0,0,0,1,'2019-12-19 16:36:02','墨染祭年'),(289,3,'2019-12-19 16:36:03',' 有人讲讲粒子高速碰撞会产生什么反应？ ','\r\n有人讲讲粒子高速碰撞会产生什么反应？ ',1,0,0,0,0,'2019-12-19 16:36:03','李什么四'),(290,3,'2019-12-19 16:36:16',' 大神们，本人求购一款烤箱！！！ ','\r\n大神们，本人求购一款烤箱！！！ ',1,0,0,0,0,'2019-12-19 16:36:16','李什么四'),(291,4,'2019-12-19 16:36:38',' 0 果然，该来的总是要来，磁悬浮建筑还是要来临的，再判断，磁悬浮 ','\r\n0\r\n果然，该来的总是要来，磁悬浮建筑还是要来临的，再判断，磁悬浮 ',1,0,0,0,0,'2019-12-19 16:36:38','微凉徒眸意'),(292,4,'2019-12-19 16:36:56',' 0 这手机牛了 ','\r\n0\r\n这手机牛了 ',1,0,0,0,0,'2019-12-19 16:36:56','微凉徒眸意'),(293,8,'2019-12-19 16:37:39',' 蚂蚁真的是二维生物吗？我怎么感觉它还是三维生物，为什么很多人 ','\r\n蚂蚁真的是二维生物吗？我怎么感觉它还是三维生物，为什么很多人 ',1,0,0,0,0,'2019-12-19 16:37:39','南风如我意'),(294,2,'2019-12-19 16:37:40','专辑]《中国最好声音-人声测试专用大碟》赵鹏&童丽','专辑]《中国最好声音-人声测试专用大碟》赵鹏&童丽',1,0,0,0,1,'2019-12-19 16:37:40','夏木南生'),(295,2,'2019-12-19 16:37:41','群星-《模拟声·极致人声》柏菲唱片中最勾人心魄的人声[WAV+CUE/城通盘]',' 柏菲唱片中最勾人心魄的人声，数字时代最模拟的声音。要使CD真正拥有“黑胶”唱片的声音，必须在制作母带上下功夫，用最原始的LP唱片的制作工艺和制作步骤，才能达到最接近的效果。',1,0,0,0,1,'2019-12-19 16:37:41','夏木南生'),(296,4,'2019-12-19 16:37:59','《店长推荐30首顶级人声发烧 2CD》群星 [整轨]','《店长推荐30首顶级人声发烧 2CD》群星 [整轨]',1,0,0,0,1,'2019-12-19 16:37:59','微凉徒眸意'),(297,8,'2019-12-19 16:37:58',' 121年历史的美国NEWind®铁氟龙三层绝缘线 ','\r\n121年历史的美国NEWind®铁氟龙三层绝缘线 ',1,0,0,0,0,'2019-12-19 16:37:58','南风如我意'),(298,9,'2019-12-19 16:38:14',' 家里的电闸老是跳闸，求万能的吧 ','\r\n家里的电闸老是跳闸，求万能的吧 ',1,0,0,0,0,'2019-12-19 16:38:14','墨染祭年'),(299,10,'2019-12-19 16:38:20','	[专辑]《信仰在空中飘扬》汪峰','	[专辑]《信仰在空中飘扬》汪峰',1,0,0,0,1,'2019-12-19 16:38:20','Mark'),(300,9,'2019-12-19 16:38:25',' 问一下各位大佬 我用的5A的数据线 哪个充电头冲更快些..第 ','\r\n问一下各位大佬 我用的5A的数据线 哪个充电头冲更快些..第 ',1,0,0,0,0,'2019-12-19 16:38:25','墨染祭年'),(301,2,'2019-12-19 16:38:27',' 郭宴 - 玩味【柏菲唱片】','《玩味》玩出了宴氏风格最大的转变，跨入了一个全新的境界。用唯我的方式表达自己，却又传递给你温暖与感动，郭宴，平凡，却又不凡。不忘初心，坚守梦想，她用温暖的歌声流淌着对音乐的挚爱，就如她的名字，一座可大可小的城郭，一桌家常或饕餮的宴席，是怎样的风景和味道，需要细细品味。',1,0,0,0,1,'2019-12-19 16:38:27','夏木南生'),(302,9,'2019-12-19 16:38:44',' ······科技····论文发表~~~~~~~~~~~~ ','\r\n······科技····论文发表~~~~~~~~~~~~ ',1,0,0,0,0,'2019-12-19 16:38:44','墨染祭年'),(303,10,'2019-12-19 16:38:53','《自选单曲18首》邓福如','《自选单曲18首》邓福如',1,0,0,0,1,'2019-12-19 16:38:53','Mark'),(304,4,'2019-12-19 16:39:02',' 科技改变生活，《匠心》栏目组带你了解加速器 ','\r\n科技改变生活，《匠心》栏目组带你了解加速器 ',1,0,0,0,0,'2019-12-19 16:39:02','微凉徒眸意'),(305,2,'2019-12-19 16:39:14','蔡琴 银色月光下-香港版 ','蔡琴就这样风尘仆仆，一路走来。“是谁在敲打我窗，是谁在撩动琴弦”，不即不离的是时间的背影，若隐若现的是歌声背后的淡然。',1,0,0,0,1,'2019-12-19 16:39:14','夏木南生'),(306,4,'2019-12-19 16:39:33',' 电脑这东西用不了太好，能用就完事了 ','\r\n电脑这东西用不了太好，能用就完事了 ',1,0,0,0,0,'2019-12-19 16:39:33','微凉徒眸意'),(307,10,'2019-12-19 16:39:49','《试音宝典-试机三号》群星','《试音宝典-试机三号》群星',1,0,0,0,0,'2019-12-19 16:39:49','Mark'),(308,8,'2019-12-19 16:39:52',' 《科技日报》记者 华凌素质不如上海职业写手熊丙奇？惭愧！ ','\r\n《科技日报》记者 华凌素质不如上海职业写手熊丙奇？惭愧！ ',1,0,0,0,0,'2019-12-19 16:39:52','南风如我意'),(309,2,'2019-12-19 16:40:04','【伯恩不退休】John Powell&David Buckley 《谍影重重5》2016电影原声OS','谍影重重5》由于有马特·达蒙与导演保罗·格林格拉斯的携手回归，令众多被《谍影重重4》伤害了的粉丝对该系列重燃信心。此前的电影预告片也让人看得激动不已，但是，首批出炉的外媒评论则给这种期待迎头浇上了一大盆冷水。\r\n烂番茄网站上，目前《谍影重重5》收获了8家媒体的评级，综合新鲜度为63%，而马特·达蒙出演的前3部电影的新鲜度分别是83%、81%、93%，口碑明显下滑。当然，该片还是比粉丝厌弃的《谍影重重4》（新鲜度56%）高了一点。\r\n评分更直观的metacritic网站上，该片已有12家媒体打分，最高分为TheWrap网站影评人打出的95分，最低分则是《纽约每日新闻》评出的40分，共有8家媒体的打分',1,0,0,0,1,'2019-12-19 16:40:04','夏木南生'),(311,2,'2019-12-19 16:40:46','【补档】《海上钢琴师》(The Legend Of 1900)21曲美版[APE][115]','海总是载满了回忆的，无论它是快乐的，希望或不堪回首……',1,0,0,0,1,'2019-12-19 16:40:46','夏木南生'),(312,3,'2019-12-19 16:41:14','新氧或者容猫谁用过啊?','新氧或者容猫谁用过啊?',1,0,0,0,0,'2019-12-19 16:41:14','李什么四'),(313,3,'2019-12-19 16:41:24',' 如果清政府实现工业化，能否打赢甲午中日战争 ','\r\n如果清政府实现工业化，能否打赢甲午中日战争 ',1,0,0,0,0,'2019-12-19 16:41:24','李什么四'),(314,2,'2019-12-19 16:41:22',' V A -《 The Pacific 》Soundtrack (2010) [FLAC]血战太平洋','The music featured in this miniseries is by award-winning film composer Hans Zimmer, Geoff Zanelli and Blake Neely. Zimmer has composed music for more than 100 films, including the blockbusters The Lion King, Rain Man, Gladiator, The Last Samurai, Pirates of the Caribbean and The Dark Knight.',7,0,0,0,1,'2019-12-19 16:53:31','夏木南生'),(315,3,'2019-12-19 16:41:37',' 电脑怎么进去wai网？怎么获取internet地址？？求助 ','\r\n电脑怎么进去wai网？怎么获取internet地址？？求助 ',1,0,0,0,0,'2019-12-19 16:41:37','李什么四'),(316,8,'2019-12-19 16:41:52','最新消息！2019下半年最挣钱的生意诞生！将造就大批百万富翁','最新消息！2019下半年最挣钱的生意诞生！将造就大批百万富翁',1,0,1,1,0,'2019-12-20 15:51:41','南风如我意'),(317,4,'2019-12-19 16:42:07',' 请问这是什么东西，是屏蔽器吗 ','\r\n请问这是什么东西，是屏蔽器吗 ',10,0,1,1,0,'2019-12-20 15:51:05','微凉徒眸意'),(318,4,'2019-12-19 16:43:18','《HiFi年代精选》伽菲珈而&姜苏','《HiFi年代精选》伽菲珈而&姜苏',1,0,1,0,0,'2019-12-19 19:47:33','微凉徒眸意'),(319,4,'2019-12-19 16:43:29',' 我来问个事，我想锻炼身体，请问该怎么做？因为一些自己的事，想 ','\r\n我来问个事，我想锻炼身体，请问该怎么做？因为一些自己的事，想 ',1,0,0,0,2,'2019-12-19 16:43:29','微凉徒眸意'),(320,4,'2019-12-19 16:43:39',' 健身馆哪里好 ','\r\n健身馆哪里好 ',1,0,0,0,2,'2019-12-19 16:43:39','微凉徒眸意'),(321,8,'2019-12-19 16:44:00',' 在线解答 关于 运动 健身 饮食的问题 有问必答 ','\r\n在线解答 关于 运动 健身 饮食的问题 有问必答 ',1,0,0,0,2,'2019-12-19 16:44:00','南风如我意'),(322,4,'2019-12-19 16:44:13',' 康比特嚼嚼果粒增肌粉怎么吃增肌快？ ','\r\n康比特嚼嚼果粒增肌粉怎么吃增肌快？ ',1,0,0,0,2,'2019-12-19 16:44:13','微凉徒眸意'),(323,3,'2019-12-19 16:44:27',' 跟腱算长吗？？听说跟腱长有运动天赋 ','\r\n跟腱算长吗？？听说跟腱长有运动天赋 ',1,0,0,0,2,'2019-12-19 16:44:27','李什么四'),(324,4,'2019-12-19 16:44:36','《让每个人都心碎》黄大炜','\r\n專輯名稱：《让每个人都心碎》\r\n歌手：黄大炜\r\n语言：国语\r\n格式：FLAC\r\n这是黄大炜的第二张个人专辑，1990年10月可登唱片发行。其抒情摇滚曲风一推出后立即掳获歌迷的心，销售亦创下佳绩，也让台湾歌迷更了解黄大炜的音乐魅力。\r\n在夏威夷生活长大的黄大炜，音乐形式、演唱风格、舞台表演都很西化，很象一位外国歌手，狂热有劲，而又浪漫抒情，他擅长的词创作也都是用英文。\r\n这样的一张唱片在中文唱片世界里非常抢眼，给中文歌坛带来了新的音乐形式。但如果你不习惯听华人歌手唱英文，那这张唱片会大打折扣。',11,0,0,0,1,'2019-12-19 16:49:07','微凉徒眸意'),(325,3,'2019-12-19 16:44:44',' 那种像头带一样戴在头上一圈的那种泡沫护具叫什么呀？ ','\r\n那种像头带一样戴在头上一圈的那种泡沫护具叫什么呀？ ',1,0,0,0,2,'2019-12-19 16:44:44','李什么四'),(326,9,'2019-12-19 16:45:22',' 南昌 运动服_运动户外加盟怎么样?','\r\n南昌 运动服_运动户外加盟怎么样?',1,0,0,0,2,'2019-12-19 16:45:22','墨染祭年'),(327,3,'2019-12-19 16:45:39',' 运动时间变多，想尝试一个真无线蓝牙耳机，大家有没有推荐的！ ','\r\n运动时间变多，想尝试一个真无线蓝牙耳机，大家有没有推荐的！ ',8,0,1,1,2,'2019-12-20 09:22:33','李什么四'),(328,9,'2019-12-19 16:46:08',' 我这个跟腱算啥样身高一米八 目测一下跟腱多长 天赋算好吗 ','\r\n我这个跟腱算啥样身高一米八 目测一下跟腱多长 天赋算好吗 ',1,0,0,1,2,'2019-12-20 09:22:54','墨染祭年'),(329,2,'2019-12-20 08:46:43','1321','11',1,0,0,0,0,'2019-12-20 08:46:43','夏木南生'),(330,2,'2019-12-20 15:50:43','1232132','123132165kkkk坎坎坷坷',1,0,0,1,0,'2019-12-20 15:51:45','夏木南生'),(331,21,'2019-12-20 15:51:13','http://192.168.2.177:8080/bbs/post/transitKind?kin','http://192.168.2.177:8080/bbs/post/transitKind?kind=0\r\nhttp://192.168.2.177:8080/bbs/post/transitKind?kind=0',1,0,0,0,0,'2019-12-20 15:51:13','mwan'),(332,21,'2019-12-20 15:52:06','test','\r\n\r\n\r\n\r\n<html>\r\n<head>\r\n    <title>发帖</title>\r\n\r\n    <script src=\"/bbs/js/jquery-2.1.0.min.js\"></script>\r\n    <link href=\"/bbs/css/bootstrap.min.css\" rel=\"stylesheet\">\r\n    <link href = \"/bbs/css/post.css\" rel = \"stylesheet\" type = \"text/css\"/>\r\n    <link href=\"/bbs/css/style.css\" rel=\"stylesheet\" type=\"text/c',1,0,0,0,1,'2019-12-20 15:52:06','mwan');

/*Table structure for table `post_floor` */

DROP TABLE IF EXISTS `post_floor`;

CREATE TABLE `post_floor` (
  `pid` int(11) NOT NULL COMMENT '帖子id',
  `fid` int(11) NOT NULL COMMENT '楼层号',
  `uid` int(11) NOT NULL COMMENT '回帖人或发帖人id',
  `reply_time` timestamp NOT NULL DEFAULT CURRENT_TIMESTAMP COMMENT '回帖时间',
  `content` varchar(350) DEFAULT NULL COMMENT '回帖内容',
  PRIMARY KEY (`pid`,`fid`),
  KEY `uid` (`uid`),
  CONSTRAINT `post_floor_ibfk_1` FOREIGN KEY (`pid`) REFERENCES `post` (`pid`) ON DELETE CASCADE ON UPDATE CASCADE,
  CONSTRAINT `post_floor_ibfk_2` FOREIGN KEY (`uid`) REFERENCES `user` (`uid`) ON DELETE CASCADE ON UPDATE CASCADE
) ENGINE=InnoDB DEFAULT CHARSET=utf8;

/*Data for the table `post_floor` */

insert  into `post_floor`(`pid`,`fid`,`uid`,`reply_time`,`content`) values (148,1,2,'2019-12-18 14:07:37','1.我们夫妻是多子女;\r\n\r\n　　2.按“我们那”养老原则是【给口饭吃，生病等死】\r\n\r\n\r\n　　你们村不这样么？\r\n\r\n　　顶锅盖逃'),(159,1,9,'2019-12-19 13:09:29','消灭病毒利用openid修改方法虽然方便简单\r\n但是要抓包获取openid 和破解获取sign 比较麻烦\r\n我这个方法自己用 很方便\r\n这个方法同样适用于动物餐厅，之后会发教程'),(160,1,4,'2019-12-19 13:29:46','5G概念\r\n\r\n　　12月2日，“携手新视界”超高清视频产业中日交流合作大会在成都举行。中日两国超高清的“明星企业”围绕5G时代超高清视频产业的发展及创新应用进行对话，探讨产业现状及发展前景。\r\n　　数码视讯（股票简称及代码：数码科技300079）作为国内超高清产业的代表企业，在会上与四川省超高清视频产业联盟、四川省超高清视频产业协会、SHARP、ASTRO等嘉宾代表畅谈了对于超高清视频产业的看法，结合视频技术与应用实践，充分交流了国际和国内超高清发展现状和未来前景。嘉宾们认为，超清视频产业是中日合作中非常有前景的领域，可以此大会为契机，共同促进产业升级以及市场拓展。'),(160,2,4,'2019-12-19 13:39:45','300079将是十倍牛股。'),(160,3,10,'2019-12-19 13:40:25','视野拓宽不要拘泥一时一价。'),(161,1,1,'2019-12-19 14:37:48','6'),(163,1,4,'2019-12-19 14:58:19','有需要电子书的吗？免费帮找'),(163,2,4,'2019-12-19 14:58:34','没人吗'),(163,3,4,'2019-12-19 14:58:47','欢迎订阅“电子书根据地”，免费帮忙找书哦'),(163,4,8,'2019-12-19 14:59:14','顶'),(163,5,9,'2019-12-19 14:59:34','顶起来'),(163,6,3,'2019-12-19 15:00:16','顶起来呀，快来关注呀'),(163,7,3,'2019-12-19 15:00:22','顶起来呀，快来关注呀'),(164,1,4,'2019-12-19 15:10:54','有谁想出 大江大海一九四九'),(165,1,4,'2019-12-19 15:12:25','\r\n定西孤儿院纪实有没有看过的 '),(166,1,4,'2019-12-19 15:14:26','村上春树这个作家在现在很有名气，但我以前倒是没什么兴趣，最近刚好在当当网遇到个优惠活动于是就随便买了他的《眠》一书。花了2个小时我读完了全书，但是只有一个感想，我看不懂。对我来说就是一个接近30的女人接连17天无法睡着而不断的思考着自己的家庭等等东西而已。其中书里出现的那个梦中的老人我不知道他的存在是为了表达什么，关于结局我也是一头雾水。请看过此书的人告诉我这本书到底想表达什么?谢谢。'),(166,2,3,'2019-12-19 15:21:26','日本作家的书我总是很难懂。其他国家的也挺难懂，有的是接受不了，有的看不出来到底想表达什么。可能是由于文化的差异吧。额...'),(166,3,9,'2019-12-19 15:21:44',' 表示，我也没看懂～正在重读'),(166,4,3,'2019-12-19 15:22:25','久仰大名后买了一本，很多地方有歧义，不是我喜欢的风格，不再买了。'),(166,5,4,'2019-12-19 15:22:45','绚烂凄楚如秋后之菊，凌厉肃杀如刃外之刀，个人对日本人和日本人文字的看法，非褒非贬\r\n日本人的文学，或说是日本的作家似乎都偏爱“碎碎念”，而且都喜欢平静地叙述绝望，故事的基调几乎都是一种逐美而不得的悲，而其中又夹杂着现实的残酷，但却莫名地微许透露出一股积极的味道……川端这样，龙芥这样，渡边也这样……\r\n菊与刀的日本人和日本文字啊'),(166,6,3,'2019-12-19 15:23:00','文化差异，理解不了就算了吧'),(166,7,3,'2019-12-19 15:23:17','表示没看过，不过刚买了村上春树的1Q84'),(167,1,3,'2019-12-19 15:24:37','毛泽东选集第六卷至第七卷（静火版） '),(167,2,3,'2019-12-19 15:25:07','很想看呢，怎么联系？'),(167,3,3,'2019-12-19 15:25:28','6.7卷pdf，需要的私'),(167,4,4,'2019-12-19 15:25:43','想买，怎么联系你'),(167,5,8,'2019-12-19 15:26:01','这个厉害了'),(168,1,8,'2019-12-19 15:27:14','求书，《朱元璋惩贪》，哪位吧友有呀'),(168,2,3,'2019-12-19 15:27:33','你好。我这里有'),(169,1,8,'2019-12-19 15:28:22','作品包括：三体1：地球往事，三体2：黑暗森林，三体3：死神永生，三体全集，2018，超新星纪元，流浪地球，乡村教师，魔鬼积木·白垩纪往事，球状闪电，时间移民，最璀璨的银河，第三次拯救未来世界，2.5次世界大战，爱因斯坦赤道，虫子的世界，带上她的眼睛，孤独的进化者，鲸歌，全频带阻塞干扰，赡养人类，十亿分之一的文明，吞噬地球，未来边缘。\r\n刘慈欣少年科幻科学小说系列，刘慈欣三大长篇，刘慈欣短篇作品(共28篇)。\r\n盘/s/1oOYQ4XU7SDXaZHIrfYmFKQ'),(170,1,9,'2019-12-19 15:34:23','酒神.mobi：https://www.90pan.com/b1541249\r\n昆仑.mobi：https://www.90pan.com/b1541250\r\n猎命师传奇.mobi：https://www.90pan.com/b1541251\r\n罗德斯岛系列.mobi：https://www.90pan.com/b1541252\r\n蛮荒记.mobi：https://www.90pan.com/b1541253\r\n茅山后裔.mobi：https://www.90pan.com/b1541254\r\n梦回大清.mobi：https://www.90pan.com/b1541256\r\n谜踪之国.mobi：https'),(171,1,3,'2019-12-19 15:35:42','书再次修改，说七件我认为重要的事。\r\n杞铁朝铁血旗，皇帝名赵坠机，皇后名武当三国之刘备淼。\r\n名李树青，字小君，号金灵子.\r\n1.三千佳丽，千金一笑。\r\n2.丹田：刺秦，（刺秦我的意思是这样的，女人在床上有一欺，现实中也有一欺，清朝时女人有死刑，我把现实中的这一欺归纳到床上的一欺，这都是我心里在行事。男人讨厌此女时，男的运用心法，突然使自己进入发情的状态，把讨厌的情绪带入到柔情蜜意的情和欲中，从而达到宽恕的境界，这就是我对刺秦的理解，天下第一剑荆轲是燕国的剑客吧）。\r\n3.武当山遇真宫《玉真宫》铁杀八卦掌，乾武，（乾武是指武则天和李世民的爱情），以“伤”为中心，伤即是混，混即是伤，伤不亦混，混不亦伤。\r\n'),(172,1,3,'2019-12-19 15:41:44','\r\n我又来找书了，谁有 建寺文化的迷失与觉醒这本书。有的给张照\r\n金刚葫芦...\r\n'),(173,1,4,'2019-12-19 15:45:23','忘记叫什么了，好像是女生日记还是女生梦记，太久了。 好像是和故事会差不多的书，专门写奇奇怪怪的梦的。短篇合集那种。 有印象的有几篇，一个是木偶小山（大概），一个是蜥蜴人（大概）。还有一篇记得比较详细一点的是一个人可以吃掉别人的噩梦，然后有一天他感觉他必须要去西方（东方还是西方记不清楚了，反正就是他强烈感觉自己必须去一趟，有什么东西在召唤他之类的。）。 然后他就去了，去了以后就被人家给收了，原来他是一个法宝（是法宝还是灵兽记得不太清楚了），然后是认主去了还是渡劫结束了 。百度搜了大半天找不到。可能太久远了记忆有些差错。'),(174,1,4,'2019-12-19 15:45:50','想把书中的故事和你分享。'),(175,1,4,'2019-12-19 15:46:14','\r\n这种瑕疵你们可以接受吗？ '),(176,1,8,'2019-12-19 15:47:08','自己整理了金庸小说全集txt电子版，需要的举个爪！ '),(176,2,8,'2019-12-19 15:47:39','我需要啊，求大佬发一份'),(177,1,8,'2019-12-19 15:48:12','推荐几部书看看吧\r\n看完能够缓解焦虑和抑郁的书有没有，我需要那种特别温柔的书来缓解我内心的不安，拒绝玛丽苏类型的'),(178,1,3,'2019-12-19 15:49:05','同一些书友一起建立了一个读书群，喜欢读书买书囤书的小伙伴可以进来看看。'),(179,1,3,'2019-12-19 15:49:53','几幅书作'),(180,1,3,'2019-12-19 15:50:32','\r\n聊天鸭 '),(181,1,3,'2019-12-19 15:50:50','\r\n我又觉得我行了 '),(182,1,3,'2019-12-19 15:51:03','\r\n聊天 秒回+ '),(182,2,8,'2019-12-19 15:51:25','浙江诸暨95男 好相处 就是有点话题废 喜欢能bbb的网友 vx和q都行 你留我就加或者私信'),(183,1,8,'2019-12-19 15:52:42','我又来发水贴了'),(184,1,8,'2019-12-19 15:53:06','看看你们的微信头像'),(185,1,8,'2019-12-19 15:53:41','\r\n来一个老板，什么都有（私信我前，先关注我，不然我看不到消息'),(186,1,8,'2019-12-19 15:53:56','\r\n冲冲冲冲冲 '),(187,1,4,'2019-12-19 15:54:25','\r\n扩列，连麦聊天加我（一般六七点以后有时间，十二点睡） '),(188,1,4,'2019-12-19 15:54:37','\r\n早上好！ '),(189,1,4,'2019-12-19 15:54:49',' 1\r\n有妹子吗，蹲一个话唠 '),(190,1,9,'2019-12-19 15:55:20','有时候就是个执念呀@懒得迎合'),(191,1,9,'2019-12-19 15:55:36','\r\n大家都在聊什么呢 '),(192,1,9,'2019-12-19 15:55:52','\r\n在？一起聊星星聊月亮聊人生理想吧！ '),(193,1,8,'2019-12-19 15:56:18','\r\n有没有办公室白领呐 聊聊天 '),(194,1,8,'2019-12-19 15:56:39','\r\n有点无聊 '),(195,1,8,'2019-12-19 15:56:55','\r\n下午好 '),(196,1,3,'2019-12-19 15:57:22','正常聊天的有吗'),(196,2,3,'2019-12-19 15:57:47','大可爱前来暖楼'),(196,3,4,'2019-12-19 15:58:01','有'),(196,4,4,'2019-12-19 15:58:04','1'),(196,5,4,'2019-12-19 15:58:29','确定是正常的？'),(196,6,8,'2019-12-19 15:58:49','确定是正常的？'),(196,7,8,'2019-12-19 15:59:05','1'),(196,8,8,'2019-12-19 15:59:09','1'),(196,9,9,'2019-12-19 15:59:19','1'),(196,10,9,'2019-12-19 15:59:22','1'),(197,1,4,'2019-12-19 16:01:22','\r\n本人 是黑龙江农业经济职业学院的吧员咨询问题 '),(198,1,4,'2019-12-19 16:01:35','\r\n英国留学G5大学必选 '),(199,1,4,'2019-12-19 16:01:47','\r\n没事赚个零花钱 私我 '),(200,1,4,'2019-12-19 16:02:04','\r\n天猫延迟发货，赔付百分之30，一单500，很香，想学找我qq '),(201,1,3,'2019-12-19 16:02:32','\r\n招募找工作的仙女门，可线上线下，有专业公司运营团队 '),(202,1,3,'2019-12-19 16:02:49','\r\n还在羡慕别人成双成对的走在校园中吗，想不想元旦有人陪着一起过\r\n'),(203,1,3,'2019-12-19 16:03:01','\r\n你们有没有好用的蓝牙耳机推荐呀。小盆友们，预算不高 '),(204,1,3,'2019-12-19 16:03:24','\r\n请问大佬，有没有合适的蓝牙耳机推荐啊？价格不要太贵的 '),(205,1,8,'2019-12-19 16:04:08','最新招募消息等你查收'),(206,1,8,'2019-12-19 16:04:20','\r\n不同时期的我的生活经历　　1991年农历二月初三，江苏省盐城 '),(207,1,8,'2019-12-19 16:04:34','\r\n有小伙伴有兴趣做一个app的推广吗？很简单不需要成本，推广的 '),(208,1,4,'2019-12-19 16:05:02','\r\n请问我们学校的校园贴吧，我在上个周三就已经发送邮箱发送的申请 '),(209,1,4,'2019-12-19 16:05:24','\r\n大学生都喜欢的 '),(210,1,10,'2019-12-19 16:05:31','\r\n专辑名称：四个男人 四把吉他\r\n歌手：纵贯线\r\n资源格式:   FLAC\r\n\r\n\r\n\r\n花样美男组合横行的时代，\r\n他们是唯一的、仅有的、让人倍感力量的铁男组合，\r\n四大巨星天价集结，成立之始即跃居华语一线天团。\r\n经典精选，这里收录四大巨星的经典金曲大合集！'),(210,2,4,'2019-12-19 16:14:21','\r\n整轨的就好了。'),(210,3,4,'2019-12-19 16:15:15','\r\n都是很经典的歌。'),(211,1,4,'2019-12-19 16:05:40','\r\n有人有兴趣做一个app的推广吗？很简单不需要成本，推广的范围\r\nApril松妮\r\n'),(212,1,9,'2019-12-19 16:05:59','找工作的小仙女可加我'),(214,1,9,'2019-12-19 16:06:35','\r\n心比长相好，懂比爱重要 '),(215,1,4,'2019-12-19 16:07:20','\r\n确认过眼神，我遇到学ps的你。刚接触PS不知道咋下手的朋友， '),(216,1,4,'2019-12-19 16:08:42','\r\n贴吧申请那么麻烦了?还要发邮件发了两个月没人回，贴吧校园的负 '),(217,1,4,'2019-12-19 16:09:37','\r\n大学生校内外卖配送平台哪个好？ '),(218,1,4,'2019-12-19 16:09:53','\r\n大家帮我想想办法 '),(219,1,3,'2019-12-19 16:10:09','\r\n聊天的有吗？ '),(220,1,3,'2019-12-19 16:11:18','\r\n美丽的学院-河南艺术职业学院 '),(221,1,3,'2019-12-19 16:11:34','\r\n速度上人待遇福利高私聊我了解待遇 公司扶持不骗人 '),(223,1,4,'2019-12-19 16:12:01','\r\n拼duoduo拉新用户，扫码领取 '),(225,1,8,'2019-12-19 16:12:16','\r\n抖音快手火山点赞任务，生活费不够，想用闲暇时间賺点零砽錢的进 '),(226,1,3,'2019-12-19 16:12:29','\r\n送女生什么好的？看这里~~ '),(228,1,3,'2019-12-19 16:12:45','专升本'),(229,1,4,'2019-12-19 16:12:54','专辑曲目\r\n　\r\n01.爱情是把枪 黄静美\r\n02.大雪还在下 苏谭谭\r\n03.我又梦见你 小琢\r\n04.亲爱的你过得还好吗 正云\r\n05.放纵 郑茜匀\r\n06.五十二度的眼泪 熊七梅\r\n07.昨夜西风凋碧树 熊七梅\r\n08.谢谢你爱我 马健涛&李冰\r\n09.爱是我加一个你 贾庆&蒋婴\r\n10.我以为你会一直等着我 赵鑫\r\n11.天也不怕地也不怕 郭笙\r\n12.我要大声唱响 郭一橙\r\n13.我和你荡秋千 刘奕辰'),(230,1,3,'2019-12-19 16:12:55','\r\n坚定着希望勇往直前，梦在未来绽放 '),(231,1,8,'2019-12-19 16:13:10',' 真无聊 '),(232,1,3,'2019-12-19 16:13:27','\r\n选画室为什么这么重要？来自一名杭州艺考毕业生的经验贴 '),(233,1,4,'2019-12-19 16:14:01','\r\n想玩抖音的想知道抖音怎么运营的，抖音怎么种草测评卖东西？加我 '),(234,1,4,'2019-12-19 16:14:14','\r\n上次放假被家人拉去一起看少年的你看完后，家人无意问了一句，你 '),(235,1,4,'2019-12-19 16:14:27','\r\n潇洒上学 活成别人羡慕得样子 '),(236,1,4,'2019-12-19 16:14:45','\r\n运动鞋工厂尾货，性价比高。不贵可退可换。包邮。真的不贵哟，买 '),(236,2,5,'2019-12-19 16:50:53','和耐克比哪个好？'),(236,3,2,'2019-12-19 16:51:03','正品吗？'),(236,4,2,'2019-12-19 16:51:14','多少钱？2000以下我就考虑'),(236,5,6,'2019-12-19 16:51:26','kankan'),(236,6,6,'2019-12-19 16:51:31','路过'),(236,7,4,'2019-12-19 17:01:57','买了鞋可以跑得快吗'),(236,8,2,'2019-12-19 17:02:36','吃了饭跑的更快\r\n'),(238,1,8,'2019-12-19 16:17:24','\r\n北京双眼皮手术，高亚东是不是很火？ '),(239,1,8,'2019-12-19 16:18:12','\r\n赚钱群 '),(240,1,10,'2019-12-19 16:18:35','达芬奇第三方阿第大幅度发斯蒂芬是滴滴滴多多多多多多多多多多多多'),(241,1,8,'2019-12-19 16:18:40','找工作的小仙女可以加我'),(241,2,7,'2019-12-19 16:49:00','好呀'),(241,3,3,'2019-12-19 16:49:12','小仙男可以吗'),(241,4,2,'2019-12-19 16:49:22','拉我一个啊'),(241,5,7,'2019-12-19 16:49:36','快带我上传'),(241,6,9,'2019-12-19 16:50:16','带我一个嘤嘤嘤'),(241,7,5,'2019-12-19 16:50:30','o1?'),(242,1,8,'2019-12-19 16:19:07','\r\n《西游记》（校注本） - 吴承恩电子书epub、azw3、mobi、pdf下载 '),(244,1,10,'2019-12-19 16:19:49','粉丝垫付代发打发奋斗的说法大锅饭阿发'),(245,1,8,'2019-12-19 16:20:03','\r\n李铁有他的局限性，战术和指挥均无特别之处 '),(246,1,8,'2019-12-19 16:20:15','\r\n丁俊晖英锦赛决赛表现超棒，终于可以去看爱冒险的梦了'),(247,1,8,'2019-12-19 16:20:27','\r\n愿意踢西乙！武磊首次回应“降级”，徐根宝说：武磊水平应踢西乙 '),(248,1,3,'2019-12-19 16:20:45','\r\n中国男足vs香港男足：自家人的“底线之战” '),(249,1,9,'2019-12-19 16:21:05','\r\n50米你们多少秒？ '),(250,1,8,'2019-12-19 16:21:26','\r\n今天继续 每天几场推荐 '),(251,1,2,'2019-12-19 16:21:57','发的发斯蒂芬是的范德萨'),(252,1,4,'2019-12-19 16:22:09','\r\n欧联杯曼联战胜阿尔克马尔,锁定小组第一名 '),(253,1,4,'2019-12-19 16:22:32','每天信心tuijian，大家一起来红吧'),(254,1,4,'2019-12-19 16:22:47','\r\n最好用得【手机】【克戸褍】：吧友们用了都说好 '),(255,1,4,'2019-12-19 16:23:03','\r\n皇马战平瓦伦西亚,与巴萨并列西甲第一 '),(256,1,9,'2019-12-19 16:23:14','\r\n欧联杯淘汰赛对阵：武磊战狼队 '),(257,1,9,'2019-12-19 16:23:27','\r\n皇马战平瓦伦西亚,与巴萨并列西甲第一 '),(258,1,9,'2019-12-19 16:23:42','\r\n桑乔传射+伤退维尔纳双响，双方保持不败 '),(259,1,9,'2019-12-19 16:23:56','\r\n昨晚西汉姆联太垃圾了，被逆袭3个九分钟内 '),(260,1,8,'2019-12-19 16:24:06','\r\n国足VS太极虎'),(261,1,8,'2019-12-19 16:24:20','\r\n本人喜欢打篮球，踢足球，羽毛球，网球，是一个不折不扣的体育爱 '),(262,1,8,'2019-12-19 16:24:29','\r\n鸡肋杯虚名大于实，四线作战利物浦如何取舍？ '),(263,1,8,'2019-12-19 16:24:39','\r\n年末公司展示设备出售价格成本价 '),(264,1,8,'2019-12-19 16:25:23','\r\n金敬道确认赛季结束：我的一年，伤病开始伤病结束 '),(265,1,8,'2019-12-19 16:25:36','\r\n山东鲁能外援回应转会传闻！拒绝世界名帅邀请，确认留队'),(266,1,8,'2019-12-19 16:25:48','\r\n看到患病儿童后潸然泪下，梅西投资三千万建医院 '),(267,1,8,'2019-12-19 16:25:58','\r\n哥哥姐姐一起来玩球球吧 '),(268,1,8,'2019-12-19 16:26:13','\r\n德乙01:30奥厄阵容雷根斯堡奥厄 0德乙01: '),(269,1,4,'2019-12-19 16:26:28','专辑英文名：Vivaldi: Concerti per violino, Vol. 7 “Per il castello”\r\n专辑中文名：维瓦尔第 - 小提琴协奏曲“城堡”\r\n唱片公司：Naive\r\n发行时间：2019年11月15日\r\n小 提 琴：Alessandro Tampieri(亚历山德罗.坦皮耶里)\r\n大 键 琴 ：Ottavio Dantone (奥塔维奥. 丹托纳)\r\n乐      团：Accademia Bizantina(占庭学院古乐团)\r\n语      言：无\r\n类      型：协奏曲\r\n资源格式：24Bit / 88kHz\r\n'),(270,1,3,'2019-12-19 16:27:25','\r\n机自动阅读 可兼职可全职 小本创业的好项目 欢迎实地考察 '),(271,1,3,'2019-12-19 16:27:37','\r\n传承网络小说经典，我们是专业的，小说分销诚找一级代理，欢迎各 '),(272,1,3,'2019-12-19 16:27:48','\r\n自动挂机龙井转阅读 日60+ '),(273,1,3,'2019-12-19 16:27:59','\r\n百度AI人脸识别，人脸对比/人脸搜索/活体检测，全线免费试用'),(274,1,9,'2019-12-19 16:28:13','\r\n这里都是精选的好书啊~ '),(275,1,4,'2019-12-19 16:30:38','\r\n求鲁敏《正午的美德》一书中“正午的美德”这篇文章，谢谢大佬们 '),(276,1,4,'2019-12-19 16:30:50','\r\n好像起了作用，她开始想要忘记他，开始的几天，后来越来越容易。 '),(277,1,4,'2019-12-19 16:31:03','\r\n记录我喜欢的小诗 '),(278,1,2,'2019-12-19 16:31:20','专辑名称：《张惠妹专辑》\r\n专辑歌手：张惠妹\r\n发行时间：1996年-2011年\r\n资源格式：APE+CUE，FLAC+CUE\r\n'),(279,1,8,'2019-12-19 16:32:27','准备入手三本书：《佛罗伦萨的神女》、《战时灯火》、《英国病人'),(280,1,8,'2019-12-19 16:32:39','\r\n大家有没有推荐的纸质版小说啊，比如韩寒的三重门 长安乱之类的 '),(281,1,8,'2019-12-19 16:32:51','\r\n最近整理了一些不错的电子书资源，分享给大家~ '),(281,2,4,'2019-12-19 16:59:39','想要'),(281,3,9,'2019-12-19 16:59:58','顶'),(281,4,3,'2019-12-19 17:00:20','+1'),(281,5,8,'2019-12-19 17:00:44','顶'),(282,1,9,'2019-12-19 16:33:10','\r\n本人有个看书阅读扣群 想加的私信楼主扣扣 '),(282,2,4,'2019-12-19 16:51:58','带我一个'),(282,3,2,'2019-12-19 16:52:29','楼主好人'),(282,4,9,'2019-12-19 16:52:53','疯狂水贴'),(282,5,4,'2019-12-19 16:53:19','我们遇到什么苦难也不要怕'),(282,6,10,'2019-12-19 16:54:00','微笑着面对他'),(282,7,4,'2019-12-19 16:54:29','呵呵'),(282,8,2,'2019-12-19 16:54:51','有三国演义 吗'),(283,1,9,'2019-12-19 16:34:48','\r\n水母无人机、科技飞球、航拍、无人机表演、吊物无人机 '),(284,1,8,'2019-12-19 16:35:10','\r\n今天在房间里 空气突然发生爆炸 就像电线短路 打火机爆炸那种 '),(285,1,8,'2019-12-19 16:35:22','\r\n有木有需要申请专利的朋友！欢迎咨询！ '),(286,1,3,'2019-12-19 16:35:40','\r\n华微电子都取得了什么成就啊？ '),(287,1,3,'2019-12-19 16:35:50','\r\n中考快递上都有5g时代，5g时代真的来了 '),(288,1,9,'2019-12-19 16:36:02','我希望有个如你一般的人。\r\n如山间清爽的风。\r\n如古城温暖的光。\r\n从清晨到夜晚。\r\n只要最后是你。\r\n就好。'),(289,1,3,'2019-12-19 16:36:03','\r\n有人讲讲粒子高速碰撞会产生什么反应？ '),(290,1,3,'2019-12-19 16:36:16','\r\n大神们，本人求购一款烤箱！！！ '),(291,1,4,'2019-12-19 16:36:38','\r\n0\r\n果然，该来的总是要来，磁悬浮建筑还是要来临的，再判断，磁悬浮 '),(292,1,4,'2019-12-19 16:36:56','\r\n0\r\n这手机牛了 '),(293,1,8,'2019-12-19 16:37:39','\r\n蚂蚁真的是二维生物吗？我怎么感觉它还是三维生物，为什么很多人 '),(294,1,2,'2019-12-19 16:37:40','专辑]《中国最好声音-人声测试专用大碟》赵鹏&童丽'),(295,1,2,'2019-12-19 16:37:41',' 柏菲唱片中最勾人心魄的人声，数字时代最模拟的声音。要使CD真正拥有“黑胶”唱片的声音，必须在制作母带上下功夫，用最原始的LP唱片的制作工艺和制作步骤，才能达到最接近的效果。'),(296,1,4,'2019-12-19 16:37:59','《店长推荐30首顶级人声发烧 2CD》群星 [整轨]'),(297,1,8,'2019-12-19 16:37:58','\r\n121年历史的美国NEWind®铁氟龙三层绝缘线 '),(298,1,9,'2019-12-19 16:38:14','\r\n家里的电闸老是跳闸，求万能的吧 '),(299,1,10,'2019-12-19 16:38:20','	[专辑]《信仰在空中飘扬》汪峰'),(300,1,9,'2019-12-19 16:38:25','\r\n问一下各位大佬 我用的5A的数据线 哪个充电头冲更快些..第 '),(301,1,2,'2019-12-19 16:38:27','《玩味》玩出了宴氏风格最大的转变，跨入了一个全新的境界。用唯我的方式表达自己，却又传递给你温暖与感动，郭宴，平凡，却又不凡。不忘初心，坚守梦想，她用温暖的歌声流淌着对音乐的挚爱，就如她的名字，一座可大可小的城郭，一桌家常或饕餮的宴席，是怎样的风景和味道，需要细细品味。'),(302,1,9,'2019-12-19 16:38:44','\r\n······科技····论文发表~~~~~~~~~~~~ '),(303,1,10,'2019-12-19 16:38:53','《自选单曲18首》邓福如'),(304,1,4,'2019-12-19 16:39:02','\r\n科技改变生活，《匠心》栏目组带你了解加速器 '),(305,1,2,'2019-12-19 16:39:14','蔡琴就这样风尘仆仆，一路走来。“是谁在敲打我窗，是谁在撩动琴弦”，不即不离的是时间的背影，若隐若现的是歌声背后的淡然。'),(306,1,4,'2019-12-19 16:39:33','\r\n电脑这东西用不了太好，能用就完事了 '),(307,1,10,'2019-12-19 16:39:49','《试音宝典-试机三号》群星'),(308,1,8,'2019-12-19 16:39:52','\r\n《科技日报》记者 华凌素质不如上海职业写手熊丙奇？惭愧！ '),(309,1,2,'2019-12-19 16:40:04','谍影重重5》由于有马特·达蒙与导演保罗·格林格拉斯的携手回归，令众多被《谍影重重4》伤害了的粉丝对该系列重燃信心。此前的电影预告片也让人看得激动不已，但是，首批出炉的外媒评论则给这种期待迎头浇上了一大盆冷水。\r\n烂番茄网站上，目前《谍影重重5》收获了8家媒体的评级，综合新鲜度为63%，而马特·达蒙出演的前3部电影的新鲜度分别是83%、81%、93%，口碑明显下滑。当然，该片还是比粉丝厌弃的《谍影重重4》（新鲜度56%）高了一点。\r\n评分更直观的metacritic网站上，该片已有12家媒体打分，最高分为TheWrap网站影评人打出的95分，最低分则是《纽约每日新闻》评出的40分，共有8家媒体的打分'),(311,1,2,'2019-12-19 16:40:46','海总是载满了回忆的，无论它是快乐的，希望或不堪回首……'),(312,1,3,'2019-12-19 16:41:14','新氧或者容猫谁用过啊?'),(313,1,3,'2019-12-19 16:41:24','\r\n如果清政府实现工业化，能否打赢甲午中日战争 '),(314,1,2,'2019-12-19 16:41:22','11122233'),(314,2,4,'2019-12-19 16:51:24','这首歌挺好听的'),(314,3,3,'2019-12-19 16:52:04','个人表示不喜欢'),(314,4,8,'2019-12-19 16:52:25','不好听'),(314,5,9,'2019-12-19 16:52:49','确实还不错啊'),(314,6,8,'2019-12-19 16:53:12','+1'),(314,7,4,'2019-12-19 16:53:34','nononono'),(315,1,3,'2019-12-19 16:41:37','\r\n电脑怎么进去wai网？怎么获取internet地址？？求助 '),(316,1,8,'2019-12-19 16:41:52','最新消息！2019下半年最挣钱的生意诞生！将造就大批百万富翁'),(317,1,4,'2019-12-19 16:42:07','\r\n请问这是什么东西，是屏蔽器吗 '),(317,2,2,'2019-12-19 16:42:24','我也不知道'),(317,3,2,'2019-12-19 16:42:36','求大佬指导一下'),(317,4,3,'2019-12-19 16:43:02','楼主去百度问问看看'),(317,5,3,'2019-12-19 16:43:08','回来告诉我'),(317,6,9,'2019-12-19 16:43:36','楼主我也想知道，你知道了就告诉我'),(317,7,8,'2019-12-19 16:43:50','顶帖'),(317,8,6,'2019-12-19 16:44:04','顶帖'),(317,9,4,'2019-12-19 16:50:35','我知道，当我不告诉你'),(317,10,2,'2019-12-20 15:51:05','回帖'),(318,1,4,'2019-12-19 16:43:18','《HiFi年代精选》伽菲珈而&姜苏'),(319,1,4,'2019-12-19 16:43:29','\r\n我来问个事，我想锻炼身体，请问该怎么做？因为一些自己的事，想 '),(320,1,4,'2019-12-19 16:43:39','\r\n健身馆哪里好 '),(321,1,8,'2019-12-19 16:44:00','\r\n在线解答 关于 运动 健身 饮食的问题 有问必答 '),(322,1,4,'2019-12-19 16:44:13','\r\n康比特嚼嚼果粒增肌粉怎么吃增肌快？ '),(323,1,3,'2019-12-19 16:44:27','\r\n跟腱算长吗？？听说跟腱长有运动天赋 '),(324,1,4,'2019-12-19 16:44:36','\r\n專輯名稱：《让每个人都心碎》\r\n歌手：黄大炜\r\n语言：国语\r\n格式：FLAC\r\n这是黄大炜的第二张个人专辑，1990年10月可登唱片发行。其抒情摇滚曲风一推出后立即掳获歌迷的心，销售亦创下佳绩，也让台湾歌迷更了解黄大炜的音乐魅力。\r\n在夏威夷生活长大的黄大炜，音乐形式、演唱风格、舞台表演都很西化，很象一位外国歌手，狂热有劲，而又浪漫抒情，他擅长的词创作也都是用英文。\r\n这样的一张唱片在中文唱片世界里非常抢眼，给中文歌坛带来了新的音乐形式。但如果你不习惯听华人歌手唱英文，那这张唱片会大打折扣。'),(324,2,6,'2019-12-19 16:44:42','好好听啊'),(324,3,6,'2019-12-19 16:44:51','歌手唱功真不错'),(324,4,2,'2019-12-19 16:45:04','确实挺好听的'),(324,5,2,'2019-12-19 16:45:08','顶一个'),(324,6,2,'2019-12-19 16:45:29','\r\n谢谢分享'),(324,7,9,'2019-12-19 16:45:41','水一波'),(324,8,3,'2019-12-19 16:45:58','好哈或或或或或或或或或或或或'),(324,9,10,'2019-12-19 16:46:09','\r\n今天好像是黄大炜专场 下载的都是他的歌 谢谢'),(324,10,2,'2019-12-19 16:46:52','\r\n不错，收藏了！'),(324,11,9,'2019-12-19 16:49:10','怎么这么好听'),(325,1,3,'2019-12-19 16:44:44','\r\n那种像头带一样戴在头上一圈的那种泡沫护具叫什么呀？ '),(326,1,9,'2019-12-19 16:45:22','\r\n南昌 运动服_运动户外加盟怎么样?'),(327,1,3,'2019-12-19 16:45:39','\r\n运动时间变多，想尝试一个真无线蓝牙耳机，大家有没有推荐的！ '),(327,3,2,'2019-12-19 16:46:53','这是体育版块，楼主是不是走错片场了'),(327,4,4,'2019-12-19 16:47:10','我觉得酷狗挺不错的'),(327,5,6,'2019-12-19 16:47:40','周杰伦那款不错的'),(327,6,8,'2019-12-19 16:47:52','周杰伦是哪款？'),(327,7,8,'2019-12-19 16:48:09','楼上能不能说清楚'),(327,8,7,'2019-12-19 16:48:34','还是华晨宇哪款好，我觉得吧'),(328,1,9,'2019-12-19 16:46:08','\r\n我这个跟腱算啥样身高一米八 目测一下跟腱多长 天赋算好吗 '),(329,1,2,'2019-12-20 08:46:43','11'),(330,1,2,'2019-12-20 15:50:43','123132165kkkk坎坎坷坷'),(331,1,21,'2019-12-20 15:51:13','http://192.168.2.177:8080/bbs/post/transitKind?kind=0\r\nhttp://192.168.2.177:8080/bbs/post/transitKind?kind=0'),(332,1,21,'2019-12-20 15:52:06','\r\n\r\n\r\n\r\n<html>\r\n<head>\r\n    <title>发帖</title>\r\n\r\n    <script src=\"/bbs/js/jquery-2.1.0.min.js\"></script>\r\n    <link href=\"/bbs/css/bootstrap.min.css\" rel=\"stylesheet\">\r\n    <link href = \"/bbs/css/post.css\" rel = \"stylesheet\" type = \"text/css\"/>\r\n    <link href=\"/bbs/css/style.css\" rel=\"stylesheet\" type=\"text/c');

/*Table structure for table `question` */

DROP TABLE IF EXISTS `question`;

CREATE TABLE `question` (
  `qid` int(11) NOT NULL AUTO_INCREMENT COMMENT '需求id',
  `uid` int(11) NOT NULL COMMENT '需求发布者的id',
  `ask_time` timestamp NOT NULL DEFAULT CURRENT_TIMESTAMP COMMENT '需求发布的时间',
  `title` varchar(80) DEFAULT NULL COMMENT '需求标题',
  `content` varchar(400) DEFAULT NULL COMMENT '需求内容',
  `current_floor` int(11) DEFAULT '1' COMMENT '楼层数',
  `credit` int(11) DEFAULT NULL COMMENT '悬赏积分',
  `is_resolved` int(11) DEFAULT '0' COMMENT '0未解决/1已解决',
  PRIMARY KEY (`qid`),
  KEY `uid` (`uid`),
  CONSTRAINT `question_ibfk_1` FOREIGN KEY (`uid`) REFERENCES `user` (`uid`) ON DELETE CASCADE ON UPDATE CASCADE
) ENGINE=InnoDB AUTO_INCREMENT=67 DEFAULT CHARSET=utf8;

/*Data for the table `question` */

insert  into `question`(`qid`,`uid`,`ask_time`,`title`,`content`,`current_floor`,`credit`,`is_resolved`) values (3,2,'2019-12-09 16:49:49','为什么人要吃饭？','为什么？？',7,3,1),(9,2,'2019-12-15 18:43:37','帮忙代下book118上的一篇PDF文档','https://max.book118.com/html/2017/0722/123585666.shtm',5,12,0),(10,2,'2019-12-15 18:45:50','求课：詹青云的像律师一样思考','\r\n之前链接失效，求各位大佬分享，谢谢！',2,25,1),(11,3,'2019-12-15 18:46:51','求闲鱼转转卖虚拟产品大量资源','有一个叫闲鱼转转卖虚拟产品的课程，讲课程的人是李小磊\r\n我有他那个课程，就是没有他那个资源软件，就是他课程里面讲的那个资源送的那个大量资源，麻烦哪个人可以给我一下？谢谢了，感激不尽',1,23,0),(12,3,'2019-12-15 18:47:11','求WordPress主题 QUX V8.8原版','新增 码支付接口\r\n新增 未读消息提醒 \r\n新增 首页专栏数量显示设置（首页 -专题 – 显示数量）\r\n新增 订单删除，未完成及关闭订单均可手动删除，已完成订单不可删除\r\n新增 移动端快捷菜单我的订单、我的积分\r\n优化 将主题设置移出外观菜单，现在到根菜单\r\n优化 会员充值页，充值更直观',1,55,0),(13,3,'2019-12-15 18:47:37','求安卓root修改全局定位，大佬来帮帮忙！！！','帮帮忙！！！',1,25,0),(15,3,'2019-12-15 18:48:09','求一个能上油管的app ','求',1,10,0),(17,3,'2019-12-15 18:48:40','求助下载筑龙道路工程资料，需要VIP免筑龙币 ','https://bbs.zhulong.com/102020_group_200606/detail42050589/',5,50,0),(18,3,'2019-12-15 18:49:51','求学科网带下 ','\r\nhttp://www.zxxk.com/soft/12147936.html\r\nhttp://www.zxxk.com/soft/12149496.html\r\nhttp://www.zxxk.com/soft/12143814.html\r\nhttp://www.zxxk.com/soft/12132789.html\r\nhttp://www.zxxk.com/soft/12128819.html',1,12,0),(19,3,'2019-12-15 18:50:11','求Node.js开发仿知乎服务端密码','Node.js开发仿知乎服务端',1,20,0),(20,3,'2019-12-15 18:50:46','Sisulizier4怎么自动翻译','Radialix3的自动翻译我觉得还不错，不过修改的时候用Sisulizier4舒服，有没有Sisulizier4自动翻译的方法，网上一点都没有...我还不会用，捣鼓了半天',1,40,0),(21,3,'2019-12-15 18:51:03','求Node.js开发仿知乎服务端密码','Node.js开发仿知乎服务端',4,25,1),(23,3,'2019-12-15 18:51:37','求Gearbox 5.0减速器设计系统','\r\n机械大二狗，要进行课程设计了。找到这个软件的安装包，但是苦于没有注册码、求各位大佬帮忙！',1,50,0),(25,4,'2019-12-15 18:53:00','有大佬有ERPU8V8.72免加密狗吗','只要这个版本,其他版本不要网上搜了好久没搜到,万分感谢!!!',2,60,0),(26,4,'2019-12-15 18:55:59','请教硬件大佬们这样配置的有哪些可选的显卡适用于提升目前游戏性能的？','E5800有点弱，去搞个二手的GTX650吧，100块钱都要不到',1,50,0),(28,4,'2019-12-15 19:03:32','求洋葱小学初中高中资源','论坛很多洋葱优质资源都到期了，特意跪求各位大佬的洋葱资源，，感谢',31,20,1),(38,3,'2019-12-18 16:20:40','ღ❤ღ天涯诗会十二月同题活动：内心的一首歌','曾经以为时光就这么静静流淌，来过走过拼凑不成一首动人的旋律。但行至中途，才发现这一路营营碌碌，山高水长，但世界总有涓涓细流，想要演绎一首动人的歌，唱给你来听。\r\n　　那就唱吧，将所思所想唱给诗会大舞台，唱给所有朋友们，不管悲伤还是快乐，都是我们心内的歌。',1,50,0),(40,2,'2019-12-19 12:44:47','被上司劝退自己离职，我该怎么保护自己的权益！','各位大神，小弟目前因深陷职场压迫，望各位指点指点，谢谢！事情如下: 1.小弟在此公司工作已达6年，因跟上司有发生过争执，目前他已告知经理（我上司的同学），经理让我自己辞职滚蛋 2.我坚决不辞职，并反问他我范了什么错，如果违反了就业规则，你让公司直接开除我吧！',5,50,0),(41,2,'2019-12-19 12:47:56','springboot导入依赖时报错要怎么处理？','请问这个问题要怎么处理？',1,20,0),(42,2,'2019-12-19 12:49:57','求一windows10正版无广告镜像','求一windows10正版无广告镜像',1,20,0),(43,2,'2019-12-19 12:50:14','短视频伪原创工具','求个短视频去重伪原创处理软件',1,10,0),(44,2,'2019-12-19 12:50:42','微信公众号对接影视网站，求一个影视网站接口','自己注册了一个订阅号，求一个可以和公众号对接的影视网站。\r\n可以实现在公众号内回复电影的名字就可以自动推送相关链接',1,20,0),(45,4,'2019-12-19 12:51:23','K2P B1强制升级，手动降级后变成B2,刷官改TFTP不出进度条','K2P B1强制升级后，然后手动降级后竟然变成B2了,打算刷A大官改，但防火墙关闭了，文件名对应了，目录都设置好了，就是TFTP死活不出进度条，求大神破解？这路由器变成是不是废了，还能不能刷官改，不想拆机，请大神指点，多谢。',1,50,0),(46,4,'2019-12-19 12:51:43','求模拟器里能用的鼠标后台连点器','希望能有好心人制作一款雷电模拟器和其他模拟器里能使用的鼠标后台连点器，最好连点器是鼠标获取连点位置和控制开始停止，不想要键盘按键控制，因为有时候用键盘控制会误按或者和正在使用的其他程序热键发生冲突。',1,100,0),(47,4,'2019-12-19 12:54:50','求个人简介的视频模板，pr或者ae的都可以','求个人简介的视频模板，pr或者ae的都可以。',1,20,0),(48,4,'2019-12-19 12:55:05','我想学习动画制作怎么入手 小白','同上  标题  那个大神指点一下从那里入手',1,50,0),(49,7,'2019-12-19 12:55:44','小弟准备做cpa 这种下载器的广告在哪里申请 这种下载器怎么弄','如果这个不行的话有没有其他赚钱的路子 穷的吃土了',1,20,0),(51,7,'2019-12-19 12:56:35','求下载一份文档，来源max.book118文档','求各位大神代为下载，如果能告知方式我自己下载也行',11,50,1),(52,7,'2019-12-19 12:57:06','求个最新的邮箱群发 不会进垃圾箱的那种','求个最新的邮箱群发 不会进垃圾箱的那种    一天可以发很多条的那种.',1,100,0),(54,7,'2019-12-19 12:57:59','求一张运营技能地图2.0版','哪位大佬有？',1,10,0),(55,7,'2019-12-19 12:58:18','天天练高中学习资源人教版备战高考','就是有一个天天练软件需要会员才可以下载视频的我没有那么多钱开会员只能求助大家帮帮忙了嘤嘤嘤要尽量下载人教版的高中所有学科哦',1,20,0),(56,8,'2019-12-19 12:59:14','求 李辰 25万年薪计划C4D+AE教程，30天的那个我有了','看了下某宝要18，有这套教程的大兄弟，分享分享，小弟万分感谢。',1,20,0),(57,8,'2019-12-19 12:59:43','求腾讯课程付费PHP课程，谢谢了','课程地址：https://ke.qq.com/course/375771',1,200,0),(58,8,'2019-12-19 13:00:12','求助一个看电影学英语的软件（电脑手机都要）','如题，类似于八哥看电影学英语这种软件，可以播放老友记这种的最好，我自己也有资源就是没有可以用的播放器',1,100,0),(59,8,'2019-12-19 13:06:11','帮忙下载个稻壳的PPT，谢谢！','http://detail.docer.com/4514327.htmlchannel=mall_search&sub_channel=mall_searc',1,20,0),(60,9,'2019-12-19 13:10:30','求各位大神能给个破解加密和要用专用播放器视频的方法或软件','求助大神能给个破解加密和要用专用播放器视频的方法或软件，谢谢',1,50,0),(61,9,'2019-12-19 13:10:49','哪位大神能帮忙注册一下','本人打算报考助理医师的，发现2019年的软件不能够用了，哪位大神能够帮下忙注册一下谢谢。',1,20,0),(62,9,'2019-12-19 13:11:03','求软考中级信息系统管理工程师视频教程','求软考中级信息系统管理工程师视频教程\r\n亲，是中级，不是高项哈，我看了坛子里面多是高项教程。不是中级的，我基础薄弱，只图这个中级，感谢。',8,10,1),(64,2,'2019-12-20 15:53:00','这是什么？','12211',2,100,1),(65,21,'2019-12-20 15:53:24','积分如何获取','\r\n\r\n爱的放假啦看见对方来拉萨\r\n',1,50,0),(66,2,'2019-12-22 13:41:36','我的提问111','12121',1,50,0);

/*Table structure for table `question_floor` */

DROP TABLE IF EXISTS `question_floor`;

CREATE TABLE `question_floor` (
  `qid` int(11) NOT NULL COMMENT '需求id',
  `fid` int(11) NOT NULL COMMENT '楼层号',
  `uid` int(11) NOT NULL COMMENT '回复人或发布需求人id',
  `reply_time` timestamp NOT NULL DEFAULT CURRENT_TIMESTAMP COMMENT '回复时间',
  `content` varchar(300) DEFAULT NULL COMMENT '回复内容',
  `is_accept` int(11) DEFAULT '0' COMMENT '是否采纳',
  PRIMARY KEY (`qid`,`fid`),
  KEY `uid` (`uid`),
  CONSTRAINT `question_floor_ibfk_1` FOREIGN KEY (`qid`) REFERENCES `question` (`qid`) ON DELETE CASCADE ON UPDATE CASCADE,
  CONSTRAINT `question_floor_ibfk_2` FOREIGN KEY (`uid`) REFERENCES `user` (`uid`) ON DELETE CASCADE ON UPDATE CASCADE
) ENGINE=InnoDB DEFAULT CHARSET=utf8;

/*Data for the table `question_floor` */

insert  into `question_floor`(`qid`,`fid`,`uid`,`reply_time`,`content`,`is_accept`) values (3,1,2,'2019-12-09 16:49:49','为什么？？',0),(3,5,3,'2019-12-09 21:53:10','111',1),(9,1,2,'2019-12-15 18:43:37','https://max.book118.com/html/2017/0722/123585666.shtm',0),(9,3,3,'2019-12-16 19:06:24','dd',NULL),(9,4,3,'2019-12-16 19:06:30','ddd',NULL),(9,5,3,'2019-12-16 19:06:37','水一波',NULL),(10,1,2,'2019-12-15 18:45:50','\r\n之前链接失效，求各位大佬分享，谢谢！',0),(10,2,2,'2019-12-17 09:41:18','1',NULL),(10,3,2,'2019-12-17 09:41:21','32',1),(10,4,2,'2019-12-17 09:41:23','44',NULL),(11,1,3,'2019-12-15 18:46:51','有一个叫闲鱼转转卖虚拟产品的课程，讲课程的人是李小磊\r\n我有他那个课程，就是没有他那个资源软件，就是他课程里面讲的那个资源送的那个大量资源，麻烦哪个人可以给我一下？谢谢了，感激不尽',0),(12,1,3,'2019-12-15 18:47:11','新增 码支付接口\r\n新增 未读消息提醒 \r\n新增 首页专栏数量显示设置（首页 -专题 – 显示数量）\r\n新增 订单删除，未完成及关闭订单均可手动删除，已完成订单不可删除\r\n新增 移动端快捷菜单我的订单、我的积分\r\n优化 将主题设置移出外观菜单，现在到根菜单\r\n优化 会员充值页，充值更直观',0),(13,1,3,'2019-12-15 18:47:37','帮帮忙！！！',0),(15,1,3,'2019-12-15 18:48:09','求',0),(17,1,3,'2019-12-15 18:48:40','https://bbs.zhulong.com/102020_group_200606/detail42050589/',0),(17,2,5,'2019-12-19 13:38:02','谢谢',NULL),(17,3,3,'2019-12-19 13:38:28','装个win10，自动安装网卡驱动可以选择关闭windows update版本',NULL),(17,4,2,'2019-12-19 13:39:04','加油＾０＾~加油',NULL),(17,5,2,'2019-12-19 13:39:08','dd',NULL),(18,1,3,'2019-12-15 18:49:51','\r\nhttp://www.zxxk.com/soft/12147936.html\r\nhttp://www.zxxk.com/soft/12149496.html\r\nhttp://www.zxxk.com/soft/12143814.html\r\nhttp://www.zxxk.com/soft/12132789.html\r\nhttp://www.zxxk.com/soft/12128819.html',0),(19,1,3,'2019-12-15 18:50:11','Node.js开发仿知乎服务端',0),(20,1,3,'2019-12-15 18:50:46','Radialix3的自动翻译我觉得还不错，不过修改的时候用Sisulizier4舒服，有没有Sisulizier4自动翻译的方法，网上一点都没有...我还不会用，捣鼓了半天',0),(21,1,3,'2019-12-15 18:51:03','Node.js开发仿知乎服务端',0),(21,3,3,'2019-12-17 09:47:37','222',NULL),(21,4,3,'2019-12-17 09:47:39','555',1),(23,1,3,'2019-12-15 18:51:37','\r\n机械大二狗，要进行课程设计了。找到这个软件的安装包，但是苦于没有注册码、求各位大佬帮忙！',0),(25,1,4,'2019-12-15 18:53:00','只要这个版本,其他版本不要网上搜了好久没搜到,万分感谢!!!',0),(25,2,4,'2019-12-18 17:02:51','111',NULL),(26,1,4,'2019-12-15 18:55:59','E5800有点弱，去搞个二手的GTX650吧，100块钱都要不到',0),(28,1,4,'2019-12-15 19:03:32','论坛很多洋葱优质资源都到期了，特意跪求各位大佬的洋葱资源，，感谢',0),(28,19,2,'2019-12-16 20:07:52','111',1),(28,21,4,'2019-12-16 20:11:27','111',NULL),(28,22,5,'2019-12-16 20:14:47','楼主厉害了',NULL),(28,23,5,'2019-12-16 20:14:57','哈哈哈哈哈哈哈哈哈哈或或或',NULL),(28,25,7,'2019-12-16 20:15:36','我也不会啊',NULL),(28,26,7,'2019-12-16 20:25:06','123',NULL),(28,27,7,'2019-12-16 20:27:00','29999999999999',NULL),(28,28,2,'2019-12-16 20:34:45','1212',NULL),(28,29,3,'2019-12-18 16:38:33','121312',NULL),(28,30,3,'2019-12-18 16:48:18','6\r\n53\r\n2    6',NULL),(28,31,3,'2019-12-18 16:53:55','121\r\n123       45\r\n45\r\n        999',NULL),(38,1,3,'2019-12-18 16:20:40','曾经以为时光就这么静静流淌，来过走过拼凑不成一首动人的旋律。但行至中途，才发现这一路营营碌碌，山高水长，但世界总有涓涓细流，想要演绎一首动人的歌，唱给你来听。\r\n　　那就唱吧，将所思所想唱给诗会大舞台，唱给所有朋友们，不管悲伤还是快乐，都是我们心内的歌。',0),(40,1,2,'2019-12-19 12:44:47','各位大神，小弟目前因深陷职场压迫，望各位指点指点，谢谢！事情如下: 1.小弟在此公司工作已达6年，因跟上司有发生过争执，目前他已告知经理（我上司的同学），经理让我自己辞职滚蛋 2.我坚决不辞职，并反问他我范了什么错，如果违反了就业规则，你让公司直接开除我吧！',0),(40,2,8,'2019-12-19 13:36:58','经理让我自己辞职滚蛋 2.我坚决不辞职，并反问他我范了什么错，如果违反了就业规则，你让公司直接开除我吧！ ',NULL),(40,3,2,'2019-12-19 13:37:08','职滚蛋 2.我坚决不辞职，并反问他我范了什么错，如',NULL),(40,4,2,'2019-12-19 13:37:17','也不好用，然后下载了个360驱动大师，安装完重启竟然神奇的好了，包括',NULL),(40,5,3,'2019-12-19 13:37:48','密和要用专用播放器视频的方法或软',NULL),(41,1,2,'2019-12-19 12:47:56','请问这个问题要怎么处理？',0),(42,1,2,'2019-12-19 12:49:57','求一windows10正版无广告镜像',0),(43,1,2,'2019-12-19 12:50:14','求个短视频去重伪原创处理软件',0),(44,1,2,'2019-12-19 12:50:42','自己注册了一个订阅号，求一个可以和公众号对接的影视网站。\r\n可以实现在公众号内回复电影的名字就可以自动推送相关链接',0),(45,1,4,'2019-12-19 12:51:23','K2P B1强制升级后，然后手动降级后竟然变成B2了,打算刷A大官改，但防火墙关闭了，文件名对应了，目录都设置好了，就是TFTP死活不出进度条，求大神破解？这路由器变成是不是废了，还能不能刷官改，不想拆机，请大神指点，多谢。',0),(46,1,4,'2019-12-19 12:51:43','希望能有好心人制作一款雷电模拟器和其他模拟器里能使用的鼠标后台连点器，最好连点器是鼠标获取连点位置和控制开始停止，不想要键盘按键控制，因为有时候用键盘控制会误按或者和正在使用的其他程序热键发生冲突。',0),(47,1,4,'2019-12-19 12:54:50','求个人简介的视频模板，pr或者ae的都可以。',0),(48,1,4,'2019-12-19 12:55:05','同上  标题  那个大神指点一下从那里入手',0),(49,1,7,'2019-12-19 12:55:44','如果这个不行的话有没有其他赚钱的路子 穷的吃土了',0),(51,1,7,'2019-12-19 12:56:35','求各位大神代为下载，如果能告知方式我自己下载也行',0),(51,2,5,'2019-12-19 13:28:23','顶',1),(51,3,5,'2019-12-19 13:28:28','顶',NULL),(51,4,3,'2019-12-19 13:28:39','如果能告知方式我自己下载也行',NULL),(51,5,3,'2019-12-19 13:28:41','如果能告知方式我自己下载也行',NULL),(51,6,3,'2019-12-19 13:29:03','我的之前做完系统也不好用，然后下载了个360驱动大师，安装完重启竟然神奇的好了，包括指纹那些，可以试试哈',NULL),(51,7,8,'2019-12-19 13:29:13','我的之前做完系统也不好用，然后下载了个360驱动大师，安装完重启竟然神奇的好了，包括指纹那些，可以试试哈',NULL),(51,8,8,'2019-12-19 13:29:17','我的之前做完系统也不好用，然后下载了个360驱动大师，安装完重启竟然神奇的好了，包括指纹那些，可以试试哈',NULL),(51,9,2,'2019-12-19 13:29:55','安装完重启竟然神奇的好了，包括指纹那些，可以试',NULL),(51,10,5,'2019-12-19 13:30:09','驱动大师，安装完重启竟然神奇的好了，包',NULL),(51,11,2,'2019-12-22 13:49:44','回复这个问题',NULL),(52,1,7,'2019-12-19 12:57:06','求个最新的邮箱群发 不会进垃圾箱的那种    一天可以发很多条的那种.',0),(54,1,7,'2019-12-19 12:57:59','哪位大佬有？',0),(55,1,7,'2019-12-19 12:58:18','就是有一个天天练软件需要会员才可以下载视频的我没有那么多钱开会员只能求助大家帮帮忙了嘤嘤嘤要尽量下载人教版的高中所有学科哦',0),(56,1,8,'2019-12-19 12:59:14','看了下某宝要18，有这套教程的大兄弟，分享分享，小弟万分感谢。',0),(57,1,8,'2019-12-19 12:59:43','课程地址：https://ke.qq.com/course/375771',0),(58,1,8,'2019-12-19 13:00:12','如题，类似于八哥看电影学英语这种软件，可以播放老友记这种的最好，我自己也有资源就是没有可以用的播放器',0),(59,1,8,'2019-12-19 13:06:11','http://detail.docer.com/4514327.htmlchannel=mall_search&sub_channel=mall_searc',0),(60,1,9,'2019-12-19 13:10:30','求助大神能给个破解加密和要用专用播放器视频的方法或软件，谢谢',0),(61,1,9,'2019-12-19 13:10:49','本人打算报考助理医师的，发现2019年的软件不能够用了，哪位大神能够帮下忙注册一下谢谢。',0),(62,1,9,'2019-12-19 13:11:03','求软考中级信息系统管理工程师视频教程\r\n亲，是中级，不是高项哈，我看了坛子里面多是高项教程。不是中级的，我基础薄弱，只图这个中级，感谢。',0),(62,2,2,'2019-12-19 13:19:51','楼主，搞到视频了没有？我有2018年的 ，有个大神给我的，要的话加群733302946 文件里面有',NULL),(62,3,2,'2019-12-19 13:21:14','搞忘交费了。。。好尴尬，明天上半年继续考中级信息系统管理工程师。。。。',NULL),(62,4,3,'2019-12-19 13:21:38','直接考高级吧，中级没用，买个课很有必要的，淘宝100的课程很多',NULL),(62,5,4,'2019-12-19 13:22:21','上半年才有中级信息系统管理工程师，我也同求啊！！！',NULL),(62,6,7,'2019-12-19 13:23:18','兄弟，之前学过的分享给你',1),(62,7,5,'2019-12-19 13:25:24','谢谢楼上',NULL),(62,8,8,'2019-12-19 13:27:28','哈哈哈哈哈哈哈，谢谢哦',NULL),(64,1,2,'2019-12-20 15:53:00','12211',0),(64,2,21,'2019-12-20 15:53:50','100积分',1),(65,1,21,'2019-12-20 15:53:24','\r\n\r\n爱的放假啦看见对方来拉萨\r\n',0),(66,1,2,'2019-12-22 13:41:36','12121',0);

/*Table structure for table `secret_protection` */

DROP TABLE IF EXISTS `secret_protection`;

CREATE TABLE `secret_protection` (
  `username` varchar(40) NOT NULL,
  `question` varchar(70) DEFAULT NULL,
  `answer` varchar(70) DEFAULT NULL,
  PRIMARY KEY (`username`)
) ENGINE=InnoDB DEFAULT CHARSET=utf8;

/*Data for the table `secret_protection` */

insert  into `secret_protection`(`username`,`question`,`answer`) values ('a','a','a'),('admin','admin','admin'),('aojun','aojun','aojun'),('b','b','b'),('c','c','c'),('d','d','d'),('e','e','e'),('f','f','f'),('huluwa','huluwa','huluwa'),('ling','ling','ling'),('lisi','lisi','lisi'),('Mark','一加一等于几（数字）','2'),('mwan','1','1'),('q','q','q'),('q33','q33','q33'),('q34','q34','q34'),('q56','q56','q56'),('qianqi','qianqi','qianqi'),('tom','tom','tom'),('zhangsan','zhangsan','zhangsan'),('zhaoliu','zhaoliu','zhaoliu');

/*Table structure for table `user` */

DROP TABLE IF EXISTS `user`;

CREATE TABLE `user` (
  `uid` int(11) NOT NULL AUTO_INCREMENT COMMENT '用户id',
  `username` varchar(40) DEFAULT NULL COMMENT '用户名(账号)',
  `nickname` varchar(40) DEFAULT NULL COMMENT '昵称',
  `password` varchar(40) DEFAULT NULL COMMENT '密码',
  `email` varchar(40) DEFAULT NULL COMMENT '邮箱',
  `credit` int(11) DEFAULT '0' COMMENT '积分',
  `photo` varchar(100) DEFAULT 'default_photo.png' COMMENT '头像',
  `tel` varchar(20) DEFAULT NULL COMMENT '电话',
  `sex` varchar(10) DEFAULT NULL COMMENT '性别',
  `description` varchar(250) DEFAULT NULL COMMENT '个性签名',
  `job` varchar(40) DEFAULT NULL COMMENT '工作',
  `company` varchar(40) DEFAULT NULL COMMENT '工作单位',
  `exp` int(11) DEFAULT '0' COMMENT '经验',
  `rank` int(11) DEFAULT '0' COMMENT '等级',
  PRIMARY KEY (`uid`)
) ENGINE=InnoDB AUTO_INCREMENT=22 DEFAULT CHARSET=utf8;

/*Data for the table `user` */

insert  into `user`(`uid`,`username`,`nickname`,`password`,`email`,`credit`,`photo`,`tel`,`sex`,`description`,`job`,`company`,`exp`,`rank`) values (1,'admin','管理员','123','admin@163.com',9880,'8.jpg','16963216541','male','管理员','管理员','管理员',10025,13),(2,'zhangsan','夏木南生','123','zhangsan@qq.com',604,'1.jpg','15965435698','male','大多数人想要改造这个世界，但却罕有人想改造自己。1111','教师1','八一中学1',321,8),(3,'lisi','李什么四','123','lisi@163.com',450,'7.jpg','16598236541','male',' 人来到这个世界就是受罪来的，从出生到进坟墓，都在莫名其妙地奋斗着。 人来到这个世界就是受罪来的，从出生到进坟墓，都在莫名其妙地奋斗着。','搬砖工','大明搬砖公司',1264,10),(4,'tom','微凉徒眸意','123','tom@qq.com',1010,'4.jpg','19698263541','female','悲观的人，先被自己打败，然后才被生活打败；乐观的人，先战胜自己，然后才战胜生活。','忽悠','忽悠公司',210,7),(5,'aojun','隔壁老王','123','aojun@qq.com',170,'2.jpg','15816321122','male','台阶是一层一层筑起的，目前的现实是未来理想的基础。只想将来，不从近处现实着手，就没有基础，就会流于幻想。','教师','大众小学',20,4),(6,'zhaoliu','以时光为眸','123','zhao@qq.com',550,'5.jpg','13598621456','male','梦想的坚持注定有孤独彷徨，因为少不了他人的质疑和嘲笑，但那又怎样，哪怕遍体鳞伤，也要活得漂亮！','歌手','武汉经纪公司',32800,15),(7,'huluwa','浮生若梦','123','hulu@qq.com',250,'3.jpg','13654632527','male','别人再好，也是别人。自己再不堪，也是自己，独一无二的自己。只要努力去做最好的自己，一生足矣。为自己的人生负责，为自己的梦想买单。','演员','实力派公司',535,9),(8,'qianqi','南风如我意','123','qian@qq.com',80,'6.jpg','12045634784','male','不奋斗，你的才华如何配得上你的任性。不奋斗，你的脚步如何赶得上父母老去的速度。不奋斗，世界这么大你靠什么去看看。','程序员','百度',345,8),(9,'ling','墨染祭年','123','ling@gmail.com',270,'default_photo.png','15745643218','male','遇到困难时不要抱怨，既然改变不了过去，那么就努力改变未来。','工程师','腾讯',135,7),(10,'Mark','无情铁手','123','Mark@qq.com',100,'default_photo.png','13243240040','male','遇到什么困难都不怕','超人','阿里',50,5),(21,'mwan','mwan','wanming','aba@a.com',150,'2.jpg','222','male','222','22','2',10,3);

/*!40101 SET SQL_MODE=@OLD_SQL_MODE */;
/*!40014 SET FOREIGN_KEY_CHECKS=@OLD_FOREIGN_KEY_CHECKS */;
/*!40014 SET UNIQUE_CHECKS=@OLD_UNIQUE_CHECKS */;
/*!40111 SET SQL_NOTES=@OLD_SQL_NOTES */;
